name,title,folder,page,url,,,,,,,,,,,,,,,,,,,
img001.jpg,KAJIADO/KAPUTIEI-NORTH/18145,kaputiei,1,https://lh3.googleusercontent.com/drive-viewer/AFGJ81pU6x5U0ZpXAO_xMKLHi50xWU1HkQ5yxsBpV-rUXrxrh9JpUdXjNdac4wBMxHjqc8r-aYjRJ7CRndmj-whg8AbAJnVm=s1600,,,,,,,,,,,,,,,,,,,
img002.jpg,KAJIADO/KAPUTIEI-NORTH/18145,kaputiei,2,https://lh3.googleusercontent.com/drive-viewer/AFGJ81puS3D6T3iivH9VTyavK3BQDBl8NFy3GJJUi2UHUKGijVJT3tmz4sVxCHASORIjxrgtY4hpYgnOhY52f9_L2vkzn1PxHQ=s1600,,,,,,,,,,,,,,,,,,,
img003.jpg,KAJIADO/KAPUTIEI-NORTH/18145,kaputiei,3,https://lh3.googleusercontent.com/drive-viewer/AFGJ81pcY869WEWGFi1l52Z_ypWl7D-_l731fCtJpjJ4bKjcSON4jJ7FqTqMGhxEhk3HzVz68LNPk5Ec0k6hpZH_eF5alfLG=s1600,,,,,,,,,,,,,,,,,,,
img004.jpg,KAJIADO/KAPUTIEI-NORTH/18145,kaputiei,4,https://lh3.googleusercontent.com/drive-viewer/AFGJ81o4h7t23-2wMiFE5hDNqSJHgAR7LUg1u2eBwj6oWt2552_7hX2z6f-z3ZzapGEx7cjY62Sh7A0S5i0YPwjQYx_yql0l3A=s1600,,,,,,,,,,,,,,,,,,,
img005.jpg,KAJIADO/KAPUTIEI/117511,kaputiei,1,https://lh3.googleusercontent.com/drive-viewer/AFGJ81pXlN-4mrWGz4QGENSS_X6TKdlJQ0bLY2DS89kUEC3w2d9T341AK6AP0EbiqVMjMaGTtIJsChPzdZ_xfxlwq7SPg7BI3Q=s1600,,,,,,,,,,,,,,,,,,,
img006.jpg,KAJIADO/KAPUTIEI/117511,kaputiei,2,https://lh3.googleusercontent.com/drive-viewer/AFGJ81pxQ9zJ9VGf6riEqDVPsYsNRhVmz1eeCLuiz4SeCSzjWaGTvpaxu9H2JYws-n4PH-ob5XV9fBl35xaMjg9Ha85U17Iwpw=s1600,,,,,,,,,,,,,,,,,,,
img007.jpg,KAJIADO/KAPUTIEI/117511,kaputiei,3,https://lh3.googleusercontent.com/drive-viewer/AFGJ81qedu_rAObGVxBQvJ-1Z5ntETxl_0sub77ZJU3lQY5tR5w5O3lvlkEoopWUvqYb6dVfOr9cZZha1jBKsOhUIiDUkuTkuA=s1600,,,,,,,,,,,,,,,,,,,
img008.jpg,KAJIADO/KAPUTIEI/117511,kaputiei,4,https://lh3.googleusercontent.com/drive-viewer/AFGJ81ov8-aI-jgeBbra_UCkYV-IkjyK22viJ_arPwtXeHehGuA-WGzIzOeRaveQ-p0Qd5tEoPztmJFbPnCpC0vhjQoL4bTo1w=s1600,,,,,,,,,,,,,,,,,,,
img009.jpg,KAJIADO/KAPUTIEI/675,kaputiei,1,https://lh3.googleusercontent.com/drive-viewer/AFGJ81pnm_bPbI6R0pwukVZIWo4z20MJ2BtrjIw7QMiRVO7DsqAdUMQDxU-amio2cuAVkI3_Dg4wDSOoG8csjTmLCrgpD1aA=s1600,,,,,,,,,,,,,,,,,,,
img010.jpg,KAJIADO/KAPUTIEI/675,kaputiei,2,https://lh3.googleusercontent.com/drive-viewer/AFGJ81rbkBO85yXVetnmzW9josyp3X5cx8wiGeCXzydpYPU0D2kvL-DEHSGp4PoLv6_EwoabfvLsCbfigEdS5mNCFTHmp3Y_kg=s1600,,,,,,,,,,,,,,,,,,,
img011.jpg,KAJIADO/KAPUTIEI/675,kaputiei,3,https://lh3.googleusercontent.com/drive-viewer/AFGJ81oGS7SaEMIKbdcuCDFaPNwhqtBs3QKcoi5a6kmgZBAlXKZ5WbHqc_eTMd7Hqa-3zlo6adx6ejBVZReDFIHdkcHHXhhpQQ=s1600,,,,,,,,,,,,,,,,,,,
img012.jpg,KAJIADO/KAPUTIEI/675,kaputiei,4,https://lh3.googleusercontent.com/drive-viewer/AFGJ81orDa7U8HNf6LmLJYvOntc9vt7IvnCSTAOCCVYFurtD_amkumEtgq4-FTKFZ7S66gW62aaemspNq0ly1YZ0gwdzgz6jlg=s1600,,,,,,,,,,,,,,,,,,,
img013.jpg,KAJIADO/KAPUTIEI-NORTH/1763,kaputiei,1,https://lh3.googleusercontent.com/drive-viewer/AFGJ81p5ZmNUn8WFEN7-nYgONBlY9ySe8tSltA19dG5M5X8Pb_hpsRFYr9gNlzRtRHh5x1wafdnljj-c2B6QgEcpIA09PWnuhQ=s1600,,,,,,,,,,,,,,,,,,,
img014.jpg,KAJIADO/KAPUTIEI-NORTH/1763,kaputiei,4,https://lh3.googleusercontent.com/drive-viewer/AFGJ81o09WNYoViTaYmPdOcNJdim-FtJYDQZs2bHjendxDqc1qqtCiDA9yggABebcGTcP4gy6yGdg-qQdWTalalRmsDQ-coy=s1600,,,,,,,,,,,,,,,,,,,
img015.jpg,KAJIADO/KAPUTIEI-NORTH/1763,kaputiei,2,https://lh3.googleusercontent.com/drive-viewer/AFGJ81qIIbb60QsbIYy1wwq2lLLAbxD5xElZn01GLe_-f_VrpjS4QAnmG6aOo8AD2NpRp86G0LcoztS0JWYdiu7XHR2HSEUD0A=s1600,,,,,,,,,,,,,,,,,,,
img016.jpg,KAJIADO/KAPUTIEI-NORTH/1763,kaputiei,2.1,https://lh3.googleusercontent.com/drive-viewer/AFGJ81r3rrI8f7Nel6bho1QUz4SviQrnkMjA3G3Mtgj_N8DEL9H5J1QWtz54-2U_PMrr0lhdDwVZET_xriACytBdSJdZrji0ZA=s1600,,,,,,,,,,,,,,,,,,,
img017.jpg,KAJIADO/KAPUTIEI-NORTH/1763,kaputiei,3,https://lh3.googleusercontent.com/drive-viewer/AFGJ81pxdQZNKUJGSIgonz1T_5sSn3sKKTa0jChn-mirmWiDgsh2ZOirckBTdrlsLyRcZDwa_oGuGLOYX057KW_GV7XUZXFs=s1600,,,,,,,,,,,,,,,,,,,
img018.jpg,KAJIADO/KAPUTIEI-NORTH/1763,kaputiei,3.1,https://lh3.googleusercontent.com/drive-viewer/AFGJ81qcZzim98qa02j4LbNBPsDfBaw3RVXrA5vC81DavVzmEPjZbQEo0_zIz27gQX7iL82bmRZDTE0ByFkSkZWIWW3ZjPSk=s1600,,,,,,,,,,,,,,,,,,,
img019.jpg,KAJIADO/KAPUTIEI-NORTH/42566,kaputiei,1,https://lh3.googleusercontent.com/drive-viewer/AFGJ81rafrXK4bbjMLJynGqIg0ezmhKHRFYjLMVnX5NWeQDa8UnUuQhmBIybHd-H6dVluHHoQ7FOEhwvf_LYzvzJiQB6FVS3vg=s1600,,,,,,,,,,,,,,,,,,,
img020.jpg,KAJIADO/KAPUTIEI-NORTH/42566,kaputiei,2,https://lh3.googleusercontent.com/drive-viewer/AFGJ81rc3prw7X_LWWyNH62uJ6bxEQtngII9aOotSlCgJ-TYzDelgAmccAu834EX0hXD5CmSO9fv7HNudzzz0RUeskZKBz7hYQ=s1600,,,,,,,,,,,,,,,,,,,
img021.jpg,KAJIADO/KAPUTIEI-NORTH/42566,kaputiei,4,https://lh3.googleusercontent.com/drive-viewer/AFGJ81o2wcxFXnjHuX2vdYzyqDoDeMSmaR6YEZfP1YF3nv9I7-wy4jJPCAt2zJ7Jr3-IHjkNxtv6cFD46mKjmz4l4abRdjbG=s1600,,,,,,,,,,,,,,,,,,,
img022.jpg,KAJIADO/KAPUTIEI-NORTH/42566,kaputiei,3,https://lh3.googleusercontent.com/drive-viewer/AFGJ81rA0udIbxujITZJ-CLvqV0fYO8Ducu86rWIpfJNy8gm6LifgiMVm2-TI27aiYCD3fEB2Z_hP9W9G0zO9yOM_OO2L4ZOZw=s1600,,,,,,,,,,,,,,,,,,,
img023.jpg,KAJIADO/KAPUTIEI-NORTH/36006,kaputiei,1,https://lh3.googleusercontent.com/drive-viewer/AFGJ81r_l6sl3lif8Hc7vo-woKfQDimmcCEh6Kc30DFLAnc3AewxdRybWRcxI5mVpB8DIEwrzaep8YizqHWoIeAIy-MK0TfazA=s1600,,,,,,,,,,,,,,,,,,,
img024.jpg,KAJIADO/KAPUTIEI-NORTH/36006,kaputiei,2,https://lh3.googleusercontent.com/drive-viewer/AFGJ81rC40aDEfUA3SwPZbBsQWb6mMAHcqZ3kLlmim90vjiQZ6ct2LGHELkZ_NEcPXv3SoVhKfQ0dIikHMSMrTp561Jhybd1WQ=s1600,,,,,,,,,,,,,,,,,,,
img025.jpg,KAJIADO/KAPUTIEI-NORTH/36006,kaputiei,3,https://lh3.googleusercontent.com/drive-viewer/AFGJ81o2S8x7pr_dBOeYlCRxO45ySwkeDC8Tg_nhebIeVLBnbFFoFCGMxKPwWBIYrRgZH-9KX73oQRP1HisNsK4RANfZUgIsBQ=s1600,,,,,,,,,,,,,,,,,,,
img026.jpg,KAJIADO/KAPUTIEI-NORTH/36006,kaputiei,4,https://lh3.googleusercontent.com/drive-viewer/AFGJ81qmcCfVNoKBQ3prNDdu_4kTXGld31q3giqrgW8qYAa_4y6Q1yuWdr_9pCA4KtX4cfBBI82R9Yp_LFJHWW96PFs36cQ6mA=s1600,,,,,,,,,,,,,,,,,,,
img031.jpg,KAJIADO/KAPUTIEI-SOUTH/2622,kaputiei,1,https://lh3.googleusercontent.com/drive-viewer/AFGJ81oIDc8vwj1RkuzPcIg-c6r7XYnvFijRFgDuBxk9ovGRfag7dOI9FjM9n2_LDTyIKpNLPiIshJvtnn2lBgCcYjXpPYZ_=s1600,,,,,,,,,,,,,,,,,,,
img032.jpg,KAJIADO/KAPUTIEI-SOUTH/2622,kaputiei,2,https://lh3.googleusercontent.com/drive-viewer/AFGJ81rFxr8gvmQDycDiBRFp1IFVzFQ8ioYuVQ9jqtJUooHX1lI-ETTmBQLFxF5SMEq1JnFFZCGqZA69U2BqeuDlfgGAjY8mQA=s1600,,,,,,,,,,,,,,,,,,,
img033.jpg,KAJIADO/KAPUTIEI-SOUTH/2622,kaputiei,3,https://lh3.googleusercontent.com/drive-viewer/AFGJ81qxQZj0el0UgmIX8bf7zSzaedv5A4-RxIjaW0EJLZM094VQnPEiL0pwoT08NkHdqjvIYKJrBcTNvGCkJ1zu2eLsxYVY=s1600,,,,,,,,,,,,,,,,,,,
img034.jpg,KAJIADO/KAPUTIEI-SOUTH/2622,kaputiei,4,https://lh3.googleusercontent.com/drive-viewer/AFGJ81qW1MkActGFRacnOoLcghaPKxxvQipLeXW0GiNqwup_dy7vAXU7lrRjcu-7bZZBN5gmHJK6Ciq_bN6Hu1T68eLme-BMpg=s1600,,,,,,,,,,,,,,,,,,,
img035.jpg,KAJIADO/KAPUTIEI-NORTH/837,kaputiei,1,https://lh3.googleusercontent.com/drive-viewer/AFGJ81rCjF3WqMDb-KUHpzupApqTfRB3rcZbKAPapkIMELUS6nqHCSfGOPbdKrkS9__WSeZa3AJhM5uAmSTtgxyroQHoOUXZWA=s1600,,,,,,,,,,,,,,,,,,,
img036.jpg,KAJIADO/KAPUTIEI-NORTH/837,kaputiei,2,https://lh3.googleusercontent.com/drive-viewer/AFGJ81p_rz1eHZS6KRCA_UNtD6nMT-4Mdwe9ii3I9G4IOs80uTaRu35AFMqoqVie4zjKjiE0CSrDv7jOl1Ejdmzsf8tCu31c=s1600,,,,,,,,,,,,,,,,,,,
img037.jpg,KAJIADO/KAPUTIEI-NORTH/837,kaputiei,3,https://lh3.googleusercontent.com/drive-viewer/AFGJ81q1d0U-wm4HA7V8UdBgv5mJl5DYwz_qaPFttwrvPT93bLGom1413NNuXwR6SPFnjMUGt_73wktkPpTUJzDtUmajsuHD9w=s1600,,,,,,,,,,,,,,,,,,,
img038.jpg,KAJIADO/KAPUTIEI-NORTH/847,kaputiei,4,https://lh3.googleusercontent.com/drive-viewer/AFGJ81pN-LDek0JL20zO75BXVKDPaW9cFKVMhF96UmMomVEjOcmqZRCD3HLBWcGnRW6I1eEX9wbnxOsNIkZLGbxiK1TCxJV9bQ=s1600,,,,,,,,,,,,,,,,,,,
img039.jpg,KAJIADO/KAPUTIEI-NORTH/847,kaputiei,5,https://lh3.googleusercontent.com/drive-viewer/AFGJ81rGyttdMszzeIcCFT46FF9dLOT55u7bYzWhbNV5nz6puiTQ2_4xpcXKxcSivZU38pu5mbFk3Grp0b2bf-yRznsWvv8=s1600,,,,,,,,,,,,,,,,,,,
img040.jpg,KAJIADO/KAPUTIEI-NORTH/1273,kaputiei,1,https://lh3.googleusercontent.com/drive-viewer/AFGJ81o0lvEi2xOm0AB3j-rzoMMj5NL3DYFuq-SMcsK1xLCH0f3VUBiO5o1p7fySRSmJVfkVHlxKoay_8eiTKDznsVfJ--CisQ=s1600,,,,,,,,,,,,,,,,,,,
img041.jpg,KAJIADO/KAPUTIEI-NORTH/1273,kaputiei,2,https://lh3.googleusercontent.com/drive-viewer/AFGJ81oAXhOeQ54TmHKgLt9TQ3fg_LE4L-iIT1intx0_jzqRMbrxWkTlEeg_EMrGu8ughD1wZmSvWy9mKDYbq4de5fhAqpXtrg=s1600,,,,,,,,,,,,,,,,,,,
img042.jpg,KAJIADO/KAPUTIEI-NORTH/1273,kaputiei,3,https://lh3.googleusercontent.com/drive-viewer/AFGJ81p1sFELjm4duLSR7cnVLTz8Xl94xZBsbPdEK74YL06v9oR-tXJOO0FhQ9WvduePmevSKVIXW99vy43oTaJ7ShGqaHXjMg=s1600,,,,,,,,,,,,,,,,,,,
img043.jpg,KAJIADO/KAPUTIEI-NORTH/1273,kaputiei,4,https://lh3.googleusercontent.com/drive-viewer/AFGJ81qerzgXLhPn1ZsDVC9u3HfS8tOvFzrZPOKzP7BFRE9iaSviFmDJUz8KSSlMk94ewTuJyovqc629lDcb0a325SGpj04-hw=s1600,,,,,,,,,,,,,,,,,,,
img046.jpg,NGONG/NGONG/33750,ngong,1,https://lh3.googleusercontent.com/drive-viewer/AFGJ81rVnGmFMD86Nn8gsZ-BZizRI5S_Ks5Kg3yAJ_f0X6DTXRrsF9MyspplZOy-0dcBLjYHdfQxjloD5TH1qg2wQMdIfzw5lA=s1600,,,,,,,,,,,,,,,,,,,
img047.jpg,NGONG/NGONG/33750,ngong,2,https://lh3.googleusercontent.com/drive-viewer/AFGJ81pBG3CrAwncbsIRN7rwFZ3TfZ7l9WzxTcDxabciInJX3cbE_DcvmbuKVG6cwAujRjqfxTHMrSDC0-SLCSyrV121TIAZYQ=s1600,,,,,,,,,,,,,,,,,,,
img048.jpg,NGONG/NGONG/33750,ngong,3,https://lh3.googleusercontent.com/drive-viewer/AFGJ81qDP5mdLLOM76CBS_RtMQx9S4n3ciabPS8QDS_5v67902Y5L4oy8RmfPhczgySshAhkaFSCpmXTOXyHIY2aDXo71VYXSA=s1600,,,,,,,,,,,,,,,,,,,
img049.jpg,NGONG/NGONG/33750,ngong,4,https://lh3.googleusercontent.com/drive-viewer/AFGJ81pl_XTMFBu3TQevQv6Zq4-LhsFhGcLmsd8_aBlDCGIKPTMi0I87kWhhhirqv5ipEPH-qCyV2tYEJOkjnkR1mCX3tGBUJg=s1600,,,,,,,,,,,,,,,,,,,
img050.jpg,NGONG/NGONG/31618,ngong,1,https://lh3.googleusercontent.com/drive-viewer/AFGJ81ou9v2eRIf05UlWIZpl_oa3WB_2lEKM8zYQeTRpcni83UVscKj16eILB5rB5hx8C_KEHdsBuNKujtblyO4lIGmJzhvqGQ=s1600,,,,,,,,,,,,,,,,,,,
img051.jpg,NGONG/NGONG/31618,ngong,2,https://lh3.googleusercontent.com/drive-viewer/AFGJ81ry2CW1eLp43uWO1HOrLnJbwr2ACBI44IlJ75t8DmnYOW830sWzPu0g1zd_ulZswQYHU41RnLyhUschJJeYmeePhs5IEA=s1600,,,,,,,,,,,,,,,,,,,
img052.jpg,NGONG/NGONG/31618,ngong,3,https://lh3.googleusercontent.com/drive-viewer/AFGJ81oK7HMf5hcUSs8JqDjRgQ3PnsaZAHo43LbreYXjkjjSIHRus6wLo26Cj-rfrofqj1_IfiIIfhrHjCKmXfIOZ2_c1Mk3KA=s1600,,,,,,,,,,,,,,,,,,,
img053.jpg,NGONG/NGONG/31618,ngong,4,https://lh3.googleusercontent.com/drive-viewer/AFGJ81pl-1ktAxA6BQQt6OJ5YwLPmA7eaErnBNGstBS24N_v9SQkW0MBNUbLyZiFIaFfFjS8VQPVraT9mbaHghwmwyvic-JC=s1600,,,,,,,,,,,,,,,,,,,
img054.jpg,NGONG/NGONG/16568,ngong,1,https://lh3.googleusercontent.com/drive-viewer/AFGJ81oKyEILOEB_X6i11C5qJBpchANKlD9Fvx7c3dhdZTpjon6oy4afnEUMgkPVFtNwIKK07wEBMPpPvuWC7H0yc543UJxKIQ=s1600,,,,,,,,,,,,,,,,,,,
img055.jpg,NGONG/NGONG/16568,ngong,2,https://lh3.googleusercontent.com/drive-viewer/AFGJ81rhQb1C3DjH6xEcz9ggZ5VV7g3kHfxbSgkfjNo2a-zQUqsA5hI_c0ipCj6JT8StUol-ZyuoLobUvy59TMJLKjGFqKePcQ=s1600,,,,,,,,,,,,,,,,,,,
img056.jpg,NGONG/NGONG/16568,ngong,3,https://lh3.googleusercontent.com/drive-viewer/AFGJ81rur2fKVgG25iUScQgpMC6XjxqXrLLT_u5ex9pk9UcuitHR2qqpgwZyk4rtD9cR1i7cTWHlsH1aSF4de129nk7jJ71d=s1600,,,,,,,,,,,,,,,,,,,
img057.jpg,NGONG/NGONG/16568,ngong,4,https://lh3.googleusercontent.com/drive-viewer/AFGJ81rS15uM7JKxTxoFpsXCW9-8lTBMvR8tRiEwogf1cnC2HF09p9PdAue3rHyG7hvnR1z40_q2Dj8CIApORaeRxOk3P9QRpQ=s1600,,,,,,,,,,,,,,,,,,,
img058.jpg,NGONG/NGONG/16569,ngong,1,https://lh3.googleusercontent.com/drive-viewer/AFGJ81ppHzuiuBJn2Dr2BiuDzQJAuIG5dswGh0NrMWB1LF3hfhxs_J-1W6AcuO_QeeAiaY9nsf2Kewq69UrqKyltAFnAnpIf6g=s1600,,,,,,,,,,,,,,,,,,,
img059.jpg,NGONG/NGONG/16569,ngong,2,https://lh3.googleusercontent.com/drive-viewer/AFGJ81qD0WbQfLQgAh8PAWja0VsM-NqKOo5dhuyZjQ7n3CwSVJOggemNLyc48TpyGliSS02U-mBQGpIRwas_9bHiVF1gAx1jDw=s1600,,,,,,,,,,,,,,,,,,,
img061.jpg,NGONG/NGONG/16569,ngong,3,https://lh3.googleusercontent.com/drive-viewer/AFGJ81rFlpIh9OGrRwe2kYMtnaGX2b05wM3OW29Zp3E2vmSk16Mk2SXJhv-8I9IkgzcMjRtcx_6aoY-g9S06XX07VnYHTh_JDg=s1600,,,,,,,,,,,,,,,,,,,
img062.jpg,NGONG/NGONG/16569,ngong,4,https://lh3.googleusercontent.com/drive-viewer/AFGJ81qmMkPf0n0EzvTRufFuyF7DrnfHy9ZTf2cwny_-gBgKeG9eCHfp_TDauuqAAuTgMPCdwBeTKne0TyDP_y8ChR3cQj2p5g=s1600,,,,,,,,,,,,,,,,,,,
img063.jpg,NGONG/NGONG/30744,ngong,1,https://lh3.googleusercontent.com/drive-viewer/AFGJ81o-Xr_yEYXJhC2kMqvwpGqOpkLOhKfbPI5LnOxoCRVeDfOIQo5mosXiBirzlYqKBZLmODYccsZYYhjmCm7OLLIr-udoZg=s1600,,,,,,,,,,,,,,,,,,,
img064.jpg,NGONG/NGONG/30744,ngong,2,https://lh3.googleusercontent.com/drive-viewer/AFGJ81qFWIRQWr3UdOA_DJJUmpPHv5JAl6jVNi5jiPFz_NJRoW_lJGIi1XX5LpI0sPI8Bg6PzZ7PNxy_NP5OACSAETBXXDBN=s1600,,,,,,,,,,,,,,,,,,,
img065.jpg,NGONG/NGONG/30744,ngong,3,https://lh3.googleusercontent.com/drive-viewer/AFGJ81pELJNmYMiOWr1x39llSvZgK5pKyvNSv4FENQIBvvrwNNylOpv5lqDMbzY5QwFDtjeP7Cjh1GItCN48CecLwK8S0E_UdQ=s1600,,,,,,,,,,,,,,,,,,,
img066.jpg,NGONG/NGONG/30744,ngong,4,https://lh3.googleusercontent.com/drive-viewer/AFGJ81oYwb_xS-VQApi0qKFG4xPU8gKwgd1VlqRTqB6DS5pHxuszfFkG2PZCpeLGIZWsymCU9gUqdnOUMuUPGqGqWVmm7GUGFA=s1600,,,,,,,,,,,,,,,,,,,
img067.jpg,NGONG/NGONG/58659,ngong,1,https://lh3.googleusercontent.com/drive-viewer/AFGJ81oB0zkMqTFOJPu5ELGO3oDhAP0b5tsZPhGCADsUfjstndDP8zGPQrqAW-cOybHiUeLbdH3vRrkXHYMDnLyATzfxACOSOg=s1600,,,,,,,,,,,,,,,,,,,
img068.jpg,NGONG/NGONG/58659,ngong,2,https://lh3.googleusercontent.com/drive-viewer/AFGJ81rIc27FAlfifF-GETgSOL4hH_0R2dX0LcT35DYX5SmPDY_JjVkeVV95qfYnGFDkzvP1gAaAQzMwyVV4oUrL2SQtTopUhg=s1600,,,,,,,,,,,,,,,,,,,
img069.jpg,NGONG/NGONG/58659,ngong,3,https://lh3.googleusercontent.com/drive-viewer/AFGJ81omqxVTGqI09bY68V4FACPf2hYwUi6YhDcxgayZgKXWnK2iU71DCbFiub3P-jE4D_HdxNpuGEfLnA8ACdfIA_SB9m6P2w=s1600,,,,,,,,,,,,,,,,,,,
img070.jpg,NGONG/NGONG/58659,ngong,4,https://lh3.googleusercontent.com/drive-viewer/AFGJ81pgOgLzxx49EQtod6a4ACMH80Mh_IzDd4wUBQiISLQiGR9ShsNktXa16MhIR0AmDgbayOtV0nn9lsMJkQswDxSHsnOJHA=s1600,,,,,,,,,,,,,,,,,,,
img078.jpg,NGONG/NGONG/18776,ngong,1,https://lh3.googleusercontent.com/drive-viewer/AFGJ81pVFoQAULeoQMggXtYUM-zX1BX4exZi1fGo5jOcC0cDUO9mVpqPfnW5KZfaD1bpYiQyYHg3u0cr5KfhHLdRsN1bGSwkeA=s1600,,,,,,,,,,,,,,,,,,,
img079.jpg,NGONG/NGONG/18776,ngong,2,https://lh3.googleusercontent.com/drive-viewer/AFGJ81q97Cy6g8pqBDuXjOW6IF3jkVH_LAS17AMpoecAMfJMBkCQv6iUKLLFD2HsUGyYB3qLlTAsp8Fm7JLmlTvPISKdZRhs=s1600,,,,,,,,,,,,,,,,,,,
img071.jpg,NGONG/NGONG/25287,ngong,1,https://lh3.googleusercontent.com/drive-viewer/AFGJ81p7OWxeIY3-uap6HWOnOravxxVr9-ty9mZJHHXzIhiDQRfERIupEiAoQNYaU7OxgRN2dkWftc6FMdP6ZrOjcdWnM1Ygag=s1600,,,,,,,,,,,,,,,,,,,
img080.jpg,NGONG/NGONG/50006,ngong,1,https://lh3.googleusercontent.com/drive-viewer/AFGJ81pMWTTqyxbobVqqPedTETO_Dh8qHBoxL5BsDlCAsRDFU4l5XctGIqE5GF4o8MMgXfwxgGVczDVcYhQLUdgUGsZRxcVrvA=s1600,,,,,,,,,,,,,,,,,,,
img081.jpg,NGONG/NGONG/50006,ngong,2,https://lh3.googleusercontent.com/drive-viewer/AFGJ81p2XrDfK8VlF7tAx0t5eKgrY_e4Zi_x5tmGLizQJDYprLa_WIY1FPL3Syez0VfCxrLrva2sMeYUnnDS3PxbgKrulT-Ehg=s1600,,,,,,,,,,,,,,,,,,,
img082.jpg,NGONG/NGONG/50006,ngong,3,https://lh3.googleusercontent.com/drive-viewer/AFGJ81oztpOZqiphS27GvOAerLuTAuZ8r1zZCl3RiGRxUKI4eF31PpiDC2cw2fQrV3UWmTV2Evc9NXUgdggdqNkwHJHMN1bO=s1600,,,,,,,,,,,,,,,,,,,
img083.jpg,NGONG/NGONG/50006,ngong,4,https://lh3.googleusercontent.com/drive-viewer/AFGJ81p2pEm39xgRJhmrDL1spY7vSrK_zqL1nUAArAlNktWL1Ljo0MTnt2Wu_YlB7z_xfDqw--t8Eofe5OeLqPCa4FCg9O0tWQ=s1600,,,,,,,,,,,,,,,,,,,
img084.jpg,NGONG/NGONG/5531,ngong,1,https://lh3.googleusercontent.com/drive-viewer/AFGJ81qDdnAI7Oq08L3fcXhVfXp4etsX6Cz63cRnft9pMGQhlKz6z84xQCltnE-CGZnnTCWNdsdacP2iWSR8se8Fy22uBjX17w=s1600,,,,,,,,,,,,,,,,,,,
img085.jpg,NGONG/NGONG/5531,ngong,3,https://lh3.googleusercontent.com/drive-viewer/AFGJ81qiLXNjDCT8r6ZB7jI5smmQUUgsRyeeE85BgkgMxrPJO3ChFt1AF3NVjLRpVQksCwB5srAKfJFc1cgzjYl6H0hMH990=s1600,,,,,,,,,,,,,,,,,,,
img076.jpg,NGONG/NGONG/7523,ngong,1,https://lh3.googleusercontent.com/drive-viewer/AFGJ81rqpoWe97pHQJMrFJgJ61zysiOvlMrh0evNv9Zw0mP-Ai4T-FR1_rsXobXiYq7Deb_NUkZCpzU_P7xlMgLglavzozdB=s1600,,,,,,,,,,,,,,,,,,,
img077.jpg,NGONG/NGONG/7523,ngong,2,https://lh3.googleusercontent.com/drive-viewer/AFGJ81oTTYvPuwL7bCBFzXnf5oZgIm-AgrCR0JFnigc6B8qb_JQTUg9TMAAeXvRshI15p9wrUhT6qzGe3zXDm6hqiGTqujhu3Q=s1600,,,,,,,,,,,,,,,,,,,
img086.jpg,NGONG/NGONG/63117,ngong,1,https://lh3.googleusercontent.com/drive-viewer/AFGJ81q5WMzUUe3yb8T6hRi5XLaV23w9c4ikcCAgQMJBb0Ye_OoEbeu4-bLD2srJ5LVWqOBU8hKa1z4OcJRZ95MnzNBzKsvpxQ=s1600,,,,,,,,,,,,,,,,,,,
img087.jpg,NGONG/NGONG/63117,ngong,2,https://lh3.googleusercontent.com/drive-viewer/AFGJ81ooDIhSbL6Y6vMNkcckgu39xF00Uj8EZfUVSwuTtyszVfkznIW8yBFfFLQa-OoO1NwmirRZMA3bCeYDnr2LRjGDcbrm9A=s1600,,,,,,,,,,,,,,,,,,,
img088.jpg,NGONG/NGONG/63117,ngong,3,https://lh3.googleusercontent.com/drive-viewer/AFGJ81pDxjXZOkX8D5fzikGCnh25Cwm2kbPXH6OiSn-AUos9TR8lqWCJs6rs1LvKlBvZ4gpBhhl4yhsYpFDLpq8Maqm5Uauxfg=s1600,,,,,,,,,,,,,,,,,,,
img089.jpg,NGONG/NGONG/63117,ngong,4,https://lh3.googleusercontent.com/drive-viewer/AFGJ81o3scSdsVBtqhKx6yJVLF7l57WApIoVESOWRK6xh01tosrFC1DOurFUvrqoO2OFG9NfqRWi249VOBurk3L1NHZfSBMLPA=s1600,,,,,,,,,,,,,,,,,,,
img090.jpg,NGONG/NGONG/53512,ngong,1,https://lh3.googleusercontent.com/drive-viewer/AFGJ81oSbLu7YqeFAzoTpg7_E3AV0nqVQRBYVdwftsgdz0LXZsoTx6P97Ar1YIJYOG7Na8BkdCWhrPhp8T5d8VGS5RqZWLYUYA=s1600,,,,,,,,,,,,,,,,,,,
img091.jpg,NGONG/NGONG/53512,ngong,2,https://lh3.googleusercontent.com/drive-viewer/AFGJ81qLNaZ8rbzc7qJPuuT1e1Ab2zxCRSnAr8h-naNe1wIZ-Z1E4JhgZ_EEJ9Gj8sAoKkBkrexIyTxJkc_CQ50JsWXI6Xa7pg=s1600,,,,,,,,,,,,,,,,,,,
img092.jpg,NGONG/NGONG/53512,ngong,3,https://lh3.googleusercontent.com/drive-viewer/AFGJ81qrgdZnJs_5WbBX46n6nB1colwm4sVAbfI1sDCWqEErHDGpCDUkIIlhJ333oIAz0d2ur3owch6KhGOZpTiCd94JWIo0hA=s1600,,,,,,,,,,,,,,,,,,,
img093.jpg,NGONG/NGONG/53512,ngong,4,https://lh3.googleusercontent.com/drive-viewer/AFGJ81oVt8siJgGySa_qWeYl_dgER65NH6wVRutW6cBMvzWyqjRVNOpcRKBXpm-O78_NpCmgUxxTQcd8t7MXAIe8KqqV3Ai1nw=s1600,,,,,,,,,,,,,,,,,,,
img094.jpg,NGONG/NGONG/90504,ngong,1,https://lh3.googleusercontent.com/drive-viewer/AFGJ81oxRiwV7osBnKZBEXBjkW32pEuENzu8uJILsMQb7LSIJI3EbqhSpV5zSQfPJ92EQGsEIfbWj_JLf2Xd7ybsJpV53UhZ=s1600,,,,,,,,,,,,,,,,,,,
img095.jpg,NGONG/NGONG/90504,ngong,2,https://lh3.googleusercontent.com/drive-viewer/AFGJ81qYgy4dYVkLAAds2PJpOAAIv8ixEoYFdz_VVLAJjSntQBXFnvYss4aQ2JuMbRWOldT2fAyFhA4mDKWCQHrzJdSNunsO=s1600,,,,,,,,,,,,,,,,,,,
img096.jpg,NGONG/NGONG/90504,ngong,3,https://lh3.googleusercontent.com/drive-viewer/AFGJ81pPDM3YAWMMvQ4yKMYEEuYm1vTTvhlUGZnpBcFeHrkXdqmZPZvLdfRi9erMCYaNhqMWsIqipzyZlI_i-rypgvmfZSpVwQ=s1600,,,,,,,,,,,,,,,,,,,
img097.jpg,NGONG/NGONG/90504,ngong,4,https://lh3.googleusercontent.com/drive-viewer/AFGJ81rMuuuE5C2K59Trcxc9EbU0DteTkBKaj_4IpRbQ1PdoFw-2jj1ML8KXNl5Z2AhZN-MS6bL1e7Zd1xzP8pIyafHjJ3Ih-g=s1600,,,,,,,,,,,,,,,,,,,
img098.jpg,NGONG/NGONG/2042,ngong,1,https://lh3.googleusercontent.com/drive-viewer/AFGJ81rmBCto5Xb67yWwDp92NvCaBpfjMY4U1EvTv_6xv6a_eA0s8kPZNizAZDEKtmuF7ZCO0tS1D8pCU01C1nEKTecgvskw=s1600,,,,,,,,,,,,,,,,,,,
img099.jpg,NGONG/NGONG/28284,ngong,1,https://lh3.googleusercontent.com/drive-viewer/AFGJ81qMQYfOX6akQQXJ0Kqa5rnINbSA2HV0mI9eAW29HHNgzxkjdZoM-UjlFi1lW9VS7tJrjI2R48OQqfBvehGTGPmZodKY=s1600,,,,,,,,,,,,,,,,,,,
img100.jpg,NGONG/NGONG/28284,ngong,2,https://lh3.googleusercontent.com/drive-viewer/AFGJ81qpvrFz6rBn3rpyLQUp_0NCYsdDkgmHwgVylN3U28CZlkHqoG02HR0DFdGdGiaROHYs0v39wXoEzo6NdoQ1CX42fg70kg=s1600,,,,,,,,,,,,,,,,,,,
img101.jpg,NGONG/NGONG/28284,ngong,3,https://lh3.googleusercontent.com/drive-viewer/AFGJ81qpvrFz6rBn3rpyLQUp_0NCYsdDkgmHwgVylN3U28CZlkHqoG02HR0DFdGdGiaROHYs0v39wXoEzo6NdoQ1CX42fg70kg=s1600,,,,,,,,,,,,,,,,,,,
img102.jpg,NGONG/NGONG/28284,ngong,4,https://lh3.googleusercontent.com/drive-viewer/AFGJ81rnBRYf_vjjKH1pFf3iJn0NZMDjLTnpNnmBWwiM9ZexB6exCxtt14nzHoWwqbOn0WtS3G4JVOOgTy7FKgkAe6krKyMkDg=s1600,,,,,,,,,,,,,,,,,,,
img107.jpg,NGONG/NGONG/6353,ngong,1,https://lh3.googleusercontent.com/drive-viewer/AFGJ81paOTcmKEjMzxP1o2qKPEwQ45Ksya5eXsxSn_S6nbS2ENx1mZ1Jgjvn6b5QcvA8hYJg3YRezdJ6w2twGkoVo6sQKaOvzQ=s1600,,,,,,,,,,,,,,,,,,,
img108.jpg,NGONG/NGONG/6353,ngong,2,https://lh3.googleusercontent.com/drive-viewer/AFGJ81oMUWUbqvB5SsBBWYuU7jo2GA3OVg2lShokf4AG5LXCr81tcXicMfgTWcwUUPTGdBi3N9dOyXkrXtVnmtg7Er1mhPy1=s1600,,,,,,,,,,,,,,,,,,,
img109.jpg,NGONG/NGONG/6353,ngong,2.1,https://lh3.googleusercontent.com/drive-viewer/AFGJ81prhYedmW2aCUcb3CeJyJhFqhhZ_sEOwxaNwntlhqM2Wa9iQq8CJjO0VdZvQMfUGJJbM1tvA2N7Zj9NTJrEdsoqf1Q2GA=s1600,,,,,,,,,,,,,,,,,,,
img110.jpg,NGONG/NGONG/6353,ngong,3.1,https://lh3.googleusercontent.com/drive-viewer/AFGJ81rNaYqY_8hl557yYqY_633aMl2oMliSoA6X8QXJ89EGGxYQypm8hdNYXS9IsOvxZB9jontOHg6kySCFzPfM9xLRy710kw=s1600,,,,,,,,,,,,,,,,,,,
img111.jpg,NGONG/NGONG/6353,ngong,3,https://lh3.googleusercontent.com/drive-viewer/AFGJ81oGSZW_bftHJWNPjarKV9WoQrjtuBm8JGhGTx5MITBDR12dBQ-y4eB9_6lRmItoTbd6DIEK67w0l_dUhv9pz2bKoKI0=s1600,,,,,,,,,,,,,,,,,,,
img112.jpg,NGONG/NGONG/6353,ngong,4,https://lh3.googleusercontent.com/drive-viewer/AFGJ81o0cHJp64fmchVRTmltyt1EhOi-O3tVbzDafbBOzNcaU5bDx5lNwCbCo_UDr4GD089op-VM4-8Zz0pB5wrxvPFAt_gEXA=s1600,,,,,,,,,,,,,,,,,,,
img116.jpg,NGONG/NGONG/37592,ngong,1,https://lh3.googleusercontent.com/drive-viewer/AFGJ81pCQpJifpp1dY8_jriehfMMmg4EkVJVhtC_nnlX2Hq7mY7yWZ7Ded_kp53FF5V1FQgkYy6zTofBq8Vucf-kvx1n2HWC-Q=s1600,,,,,,,,,,,,,,,,,,,
img117.jpg,NGONG/NGONG/37592,ngong,2,https://lh3.googleusercontent.com/drive-viewer/AFGJ81oUx3_sAfGnJ0ASLCljse_FHkPI1kts8wO_xHRp9SART85G0Ovl-uftOHAXY7d4I7cHP6B-ZkdOSarCpxvUYfEnydRPsw=s1600,,,,,,,,,,,,,,,,,,,
img118.jpg,NGONG/NGONG/37592,ngong,3,https://lh3.googleusercontent.com/drive-viewer/AFGJ81qED5m87dcgtvnjm4ipBcgK6z3eyZM5Ti1lh4qy4Lc6jMZtAJC5d8__nFrAsQaTZx6uyzIJMxQfddZbOk-uCwai_UUHAA=s1600,,,,,,,,,,,,,,,,,,,
img119.jpg,NGONG/NGONG/37592,ngong,4,https://lh3.googleusercontent.com/drive-viewer/AFGJ81qED5m87dcgtvnjm4ipBcgK6z3eyZM5Ti1lh4qy4Lc6jMZtAJC5d8__nFrAsQaTZx6uyzIJMxQfddZbOk-uCwai_UUHAA=s1600,,,,,,,,,,,,,,,,,,,
img120.jpg,NGONG/NGONG/64757,ngong2,1,https://lh3.googleusercontent.com/drive-viewer/AFGJ81ptcwE0w2zoPv-rysrgX7wNejBAYcUMF5pkfK1YTSDyE3zY396B5Au2aKZ3Fd6YMDwVRudip0dNPNDdcuvOpZro8XJPOw=s1600,,,,,,,,,,,,,,,,,,,
img121.jpg,NGONG/NGONG/64757,ngong2,2,https://lh3.googleusercontent.com/drive-viewer/AFGJ81orajwpBzwbjE7PCBX4BRDUEDtrsScsXWnNNYLLpPKuoZ_H8jqoovsuGnUOVHSAwKMUzP_25JZVdMYkfJrm7xamPHU3iA=s1600,,,,,,,,,,,,,,,,,,,
img122.jpg,NGONG/NGONG/64757,ngong2,3,https://lh3.googleusercontent.com/drive-viewer/AFGJ81otANyNnuc8mV4naNTakDqGbbfGqVdv8CvA35LCJfmm0P_I2FqZzieMnHdKh5pmjbQZIZiS92vYkrD98h4rvf7cvx3pbA=s1600,,,,,,,,,,,,,,,,,,,
img123.jpg,NGONG/NGONG/64757,ngong2,4,https://lh3.googleusercontent.com/drive-viewer/AFGJ81ohTbfcXzCOAgshleKqlenXxKUpbhNp3NfZr9JqPwziRNGFGQI5MiB3DEqoxiC6Per3dmFjVzyA8uZEcrK32jxq9_5b=s1600,,,,,,,,,,,,,,,,,,,
img124.jpg,NGONG/NGONG/6152,ngong2,1,https://lh3.googleusercontent.com/drive-viewer/AFGJ81pT8D9cxvlyL_dDxvwEUKGEgEeD3R8doNGipfVssL5kEdoTPOy3xybGFSXWj7bKDwFnMTOnEZBPGRfz1gqK3yCiWosM=s1600,,,,,,,,,,,,,,,,,,,
img125.jpg,NGONG/NGONG/6152,ngong2,2,https://lh3.googleusercontent.com/drive-viewer/AFGJ81q5xLfR4rZDpJGCB54r1Cp2jyQLbLF_r_L9NQM8_x3GZvLlkQwJDYfvCJQrB4U9M4UEMVLnshO9CDYG2_C95ox_kgE0zA=s1600,,,,,,,,,,,,,,,,,,,
img127.jpg,NGONG/NGONG/6152,ngong2,3,https://lh3.googleusercontent.com/drive-viewer/AFGJ81r9PkxTwS8bnZ8mUsXDGtzFaTSFAqhA4PFk_2NJH74GW7RVtrv8J310KTbkQfxMFTL1ErCQW0TFri5MqVF2UMPM-ZARbQ=s1600,,,,,,,,,,,,,,,,,,,
img129.jpg,NGONG/NGONG/6152,ngong2,4,https://lh3.googleusercontent.com/drive-viewer/AFGJ81ohs-57c46YWJBbWRXGrn5NZ4FvpzPsuidb5zQHOH7mFw4pVb-nXzwmhC19u3ac-RtRVM8xWcp2AYzPJad2u7taS1QHDw=s1600,,,,,,,,,,,,,,,,,,,
img126.jpg,NGONG/NGONG/5530,ngong2,1,,,,,,,,,,,,,,,,,,,,
img130.jpg,NGONG/NGONG/5530,ngong2,2,https://lh3.googleusercontent.com/drive-viewer/AFGJ81rX7e93eZaYSah8dWFI81sSqzpPQjfr8-NsA-T4zDPs06mt-y-wYWTk_lWbe--cLbt1c6FaD_biYxsQ3GeUQWX8lQw0BQ=s1600,,,,,,,,,,,,,,,,,,,
img131.jpg,NGONG/NGONG/5530,ngong2,3,https://lh3.googleusercontent.com/drive-viewer/AFGJ81ohln-D81WhcAPiu_jyRIeXJUqhNPdjpp-kAyrvykEzWB2EN8ZVPtiZtNvJmm4FDKi_lo5ZAQnYyFv-xgsapVCHCR3n3A=s1600,,,,,,,,,,,,,,,,,,,
img132.jpg,NGONG/NGONG/5530,ngong2,4,https://lh3.googleusercontent.com/drive-viewer/AFGJ81r8NFDZ7PqU-caojNxqOZKKL4FANTEwZ8DzKdpwjZxUcbHJjSM-NknvavdqHM7owfhBMK34xW5WgqzNNSmMbSy0lHf1IQ=s1600,,,,,,,,,,,,,,,,,,,
img137.jpg,NGONG/NGONG/20182,ngong2,1,https://lh3.googleusercontent.com/drive-viewer/AFGJ81oT6EjuzQpFvpV8c862cm34E9a9TwDE2ayZ33fsmU5jj8sH4HqRAmtjOvR1Xn6X_clqVvMcz0uoXPAdjiUgD2AnI1Vg=s1600,,,,,,,,,,,,,,,,,,,
img138.jpg,NGONG/NGONG/20182,ngong2,4,https://lh3.googleusercontent.com/drive-viewer/AFGJ81qQtponQQ87YGDS13W7c-DCgYde0PktOiBVVCZLniDggKowzjFjOGts9OO6mDcwVJt7_9VvXJgwil4kF_o0Wk8K9Er5TA=s1600,,,,,,,,,,,,,,,,,,,
img139.jpg,NGONG/NGONG/20182,ngong2,2,https://lh3.googleusercontent.com/drive-viewer/AFGJ81r9tpWsLDYXyVcMFPqJHADAXHfpxPyLcqyQ81SI81wXnDdGqwoksGjq6HXlo2aZ8jL_evJvq4LJmYR4IpxW6KhHe8DJSg=s1600,,,,,,,,,,,,,,,,,,,
img140.jpg,NGONG/NGONG/20182,ngong2,3,https://lh3.googleusercontent.com/drive-viewer/AFGJ81qMyuCGYIFqUkbKCsUpNMuZxinBeRxtSNgpwGMmyWkL3xnuAGC_6YUeBbBk_6yZqQrWUd49Tyl4CVwRQpAZEwIf8JQrCQ=s1600,,,,,,,,,,,,,,,,,,,
img141.jpg,NGONG/NGONG/55171,ngong2,1,https://lh3.googleusercontent.com/drive-viewer/AFGJ81r2D6ZTlx3zWQcOstMR7PGZNe7ByeAhyFOm3ur4sUM_iJuAPil5oVUuaL70Scw5ekHwIIvo7nJ_eVUMVdQZhO9T4-ws5w=s1600,,,,,,,,,,,,,,,,,,,
img142.jpg,NGONG/NGONG/55171,ngong2,2,https://lh3.googleusercontent.com/drive-viewer/AFGJ81ruH793c6zN8siodbk5YV1FcX5X5HSwo3-K4WJAoGTxaWtUf77CBSf0ohI-BFbe840bZfUmS0YmFSjn4tDF4scuR8ivRQ=s1600,,,,,,,,,,,,,,,,,,,
img144.jpg,NGONG/NGONG/55171,ngong2,3,https://lh3.googleusercontent.com/drive-viewer/AFGJ81qCMc5lZn_wYHx3dIC4jAZyDbEGvfsHXmCbZfWe61lqEia-u7Y9vQPLl4mP_RdoNobWiuaB_aLN6q-U_hENExMNR34f_g=s1600,,,,,,,,,,,,,,,,,,,
img145.jpg,NGONG/NGONG/48832,ngong2,1,https://lh3.googleusercontent.com/drive-viewer/AFGJ81q7wLqIrEzjKQpTRNfxIKnOA5fuVLoe58KIdunExnOPNcD2kDLSLYjLPKDrDqEnQQT7qb8WsOrWlK8KAzwXV3fiQrnbow=s1600,,,,,,,,,,,,,,,,,,,
img146.jpg,NGONG/NGONG/48832,ngong2,4,https://lh3.googleusercontent.com/drive-viewer/AFGJ81r-Xy9eoL5w2PoTft31djEp9RhKew5ombZ_nYAzwvA4JCdPKE-f7ey0ogqbur1ZrUlykHo9x5Hvi6pRFvWv6KtGymHuAg=s1600,,,,,,,,,,,,,,,,,,,
img147.jpg,NGONG/NGONG/48832,ngong2,2,https://lh3.googleusercontent.com/drive-viewer/AFGJ81q695icMHTl9drGYVKbLI7O4Vi99zKWrxlFmgun1GBQ__QmrB8e2GnjEYUjm9EFn3ToMGU6LSo60Qae-UDxe6GlfDfI1Q=s1600,,,,,,,,,,,,,,,,,,,
img148.jpg,NGONG/NGONG/48832,ngong2,3,https://lh3.googleusercontent.com/drive-viewer/AFGJ81o11Hm1f_KvJqeXB2wSSwHg81hbYPiYP3Si5BZA7W72xanL95n3D7pEeAA9zzv7jlCbZSDOwXdw7zHHtjvbJn0XjpKe=s1600,,,,,,,,,,,,,,,,,,,
img153.jpg,NGONG/NGONG/90648,ngong2,1,https://lh3.googleusercontent.com/drive-viewer/AFGJ81oD9Aq2fp12zRgDK1wwxzBup4AGL1DLslDVllfBDlf6Kl74UWnaJ9oe5Q_meE4nLzFXD7wxig2ZjAJH3gjqiV8UE_3GuA=s1600,,,,,,,,,,,,,,,,,,,
img154.jpg,NGONG/NGONG/90648,ngong2,4,https://lh3.googleusercontent.com/drive-viewer/AFGJ81p4r6CLnqusdq2rOxObyADG-QJy9Gq7lDDEI3X-UngxMqWycPccBrouHgqVq-d8arNSKAvv7lJtIquUR3-t0qWDeH58=s1600,,,,,,,,,,,,,,,,,,,
img155.jpg,NGONG/NGONG/90648,ngong2,2,https://lh3.googleusercontent.com/drive-viewer/AFGJ81quOOLRKhZiWu_Dr_kFmFLSE0npkvQoB9z-_78PhqZSMomHPAAdYhpnRlnnGJyRzsRXCK957FQsanbRgXPztx1xgTwgjg=s1600,,,,,,,,,,,,,,,,,,,
img156.jpg,NGONG/NGONG/90648,ngong2,3,https://lh3.googleusercontent.com/drive-viewer/AFGJ81qYvmpRNIHFPtUeylxH3XJcRz6ys0ndPjjzEPxNwyAoxi8YLSVAT4mMcky8KfCqbiwEFkuPdNuPXo-xLE-1QWbzRmhK9Q=s1600,,,,,,,,,,,,,,,,,,,
img149.jpg,NGONG/NGONG/69566,ngong2,1,https://lh3.googleusercontent.com/drive-viewer/AFGJ81pBMRYsM8zKsTx0RLJc-yT2cERBKmm_IIzWfN6-7zauns9wSHafFXJUHq7t9cS6bi_0wN28pcaIHYA8ePrE91LDfVZeGw=s1600,,,,,,,,,,,,,,,,,,,
img150.jpg,NGONG/NGONG/69566,ngong2,4,https://lh3.googleusercontent.com/drive-viewer/AFGJ81qbsEO-LCKcJI1-EebZOahlltp2CNZ0UQMkTaNxJ5lxt0lNZ30CYkUWenHqj9Qgqy70tjKsFr1-dj7tWSorpDP45934tQ=s1600,,,,,,,,,,,,,,,,,,,
img151.jpg,NGONG/NGONG/69566,ngong2,2,https://lh3.googleusercontent.com/drive-viewer/AFGJ81pMXVotu0ngMyHQEahXGZVtMDab4hQ-KavNEyPznydQVnIdxn0CefquBMWZ4dk-P5gbgYQgCliqxXV08z-xbozIrOxJqw=s1600,,,,,,,,,,,,,,,,,,,
img152.jpg,NGONG/NGONG/69566,ngong2,3,https://lh3.googleusercontent.com/drive-viewer/AFGJ81qWmyFkMm7BqjUumlCynpmhGplbCVrPz_HLctiApLW0vWHWRxV1ivErdZ_r3Ag_nUb1e1DPjgvzZEcocrFgclq-FIH-Gw=s1600,,,,,,,,,,,,,,,,,,,
,,,,,,,,,,,,,,,,,,,,,,,
,,,,,,,,,,,,,,,,,,,,,,,
,,,,,,,,,,,,,,,,,,,,,,,
,,,,,,,,,,,,,,,,,,,,,,,
,,,,,,,,,,,,,,,,,,,,,,,
,,,,,,,,,,,,,,,,,,,,,,,
,,,,,,,,,,,,,,,,,,,,,,,
,,,,,,,,,,,,,,,,,,,,,,,
,,,,,,,,,,,,,,,,,,,,,,,
,,,,,,,,,,,,,,,,,,,,,,,
,,,,,,,,,,,,,,,,,,,,,,,
,,,,,,,,,,,,,,,,,,,,,,,
,,,,,,,,,,,,,,,,,,,,,,,
,,,,,,,,,,,,,,,,,,,,,,,
,,,,,,,,,,,,,,,,,,,,,,,
,,,,,,,,,,,,,,,,,,,,,,,
,,,,,,,,,,,,,,,,,,,,,,,
,,,,,,,,,,,,,,,,,,,,,,,
,,,,,,,,,,,,,,,,,,,,,,,
,,,,,,,,,,,,,,,,,,,,,,,
,,,,,,,,,,,,,,,,,,,,,,,
,,,,,,,,,,,,,,,,,,,,,,,
,,,,,,,,,,,,,,,,,,,,,,,
,,,,,,,,,,,,,,,,,,,,,,,
,,,,,,,,,,,,,,,,,,,,,,,
,,,,,,,,,,,,,,,,,,,,,,,
,,,,,,,,,,,,,,,,,,,,,,,
,,,,,,,,,,,,,,,,,,,,,,,
,,,,,,,,,,,,,,,,,,,,,,,
,,,,,,,,,,,,,,,,,,,,,,,
,,,,,,,,,,,,,,,,,,,,,,,
,,,,,,,,,,,,,,,,,,,,,,,
,,,,,,,,,,,,,,,,,,,,,,,
,,,,,,,,,,,,,,,,,,,,,,,
,,,,,,,,,,,,,,,,,,,,,,,
,,,,,,,,,,,,,,,,,,,,,,,
,,,,,,,,,,,,,,,,,,,,,,,
,,,,,,,,,,,,,,,,,,,,,,,
,,,,,,,,,,,,,,,,,,,,,,,
,,,,,,,,,,,,,,,,,,,,,,,
,,,,,,,,,,,,,,,,,,,,,,,
,,,,,,,,,,,,,,,,,,,,,,,
,,,,,,,,,,,,,,,,,,,,,,,
,,,,,,,,,,,,,,,,,,,,,,,
,,,,,,,,,,,,,,,,,,,,,,,
,,,,,,,,,,,,,,,,,,,,,,,
,,,,,,,,,,,,,,,,,,,,,,,
,,,,,,,,,,,,,,,,,,,,,,,
,,,,,,,,,,,,,,,,,,,,,,,
,,,,,,,,,,,,,,,,,,,,,,,
,,,,,,,,,,,,,,,,,,,,,,,
,,,,,,,,,,,,,,,,,,,,,,,
,,,,,,,,,,,,,,,,,,,,,,,
,,,,,,,,,,,,,,,,,,,,,,,
,,,,,,,,,,,,,,,,,,,,,,,
,,,,,,,,,,,,,,,,,,,,,,,
,,,,,,,,,,,,,,,,,,,,,,,
,,,,,,,,,,,,,,,,,,,,,,,
,,,,,,,,,,,,,,,,,,,,,,,
,,,,,,,,,,,,,,,,,,,,,,,
,,,,,,,,,,,,,,,,,,,,,,,
,,,,,,,,,,,,,,,,,,,,,,,
,,,,,,,,,,,,,,,,,,,,,,,
,,,,,,,,,,,,,,,,,,,,,,,
,,,,,,,,,,,,,,,,,,,,,,,
,,,,,,,,,,,,,,,,,,,,,,,
,,,,,,,,,,,,,,,,,,,,,,,
,,,,,,,,,,,,,,,,,,,,,,,
,,,,,,,,,,,,,,,,,,,,,,,
,,,,,,,,,,,,,,,,,,,,,,,
,,,,,,,,,,,,,,,,,,,,,,,
,,,,,,,,,,,,,,,,,,,,,,,
,,,,,,,,,,,,,,,,,,,,,,,
,,,,,,,,,,,,,,,,,,,,,,,
,,,,,,,,,,,,,,,,,,,,,,,
,,,,,,,,,,,,,,,,,,,,,,,
,,,,,,,,,,,,,,,,,,,,,,,
,,,,,,,,,,,,,,,,,,,,,,,
,,,,,,,,,,,,,,,,,,,,,,,
,,,,,,,,,,,,,,,,,,,,,,,
,,,,,,,,,,,,,,,,,,,,,,,
,,,,,,,,,,,,,,,,,,,,,,,
,,,,,,,,,,,,,,,,,,,,,,,
,,,,,,,,,,,,,,,,,,,,,,,
,,,,,,,,,,,,,,,,,,,,,,,
,,,,,,,,,,,,,,,,,,,,,,,
,,,,,,,,,,,,,,,,,,,,,,,
,,,,,,,,,,,,,,,,,,,,,,,
,,,,,,,,,,,,,,,,,,,,,,,
,,,,,,,,,,,,,,,,,,,,,,,
,,,,,,,,,,,,,,,,,,,,,,,
,,,,,,,,,,,,,,,,,,,,,,,
,,,,,,,,,,,,,,,,,,,,,,,
,,,,,,,,,,,,,,,,,,,,,,,
,,,,,,,,,,,,,,,,,,,,,,,
,,,,,,,,,,,,,,,,,,,,,,,
,,,,,,,,,,,,,,,,,,,,,,,
,,,,,,,,,,,,,,,,,,,,,,,
,,,,,,,,,,,,,,,,,,,,,,,
,,,,,,,,,,,,,,,,,,,,,,,
,,,,,,,,,,,,,,,,,,,,,,,
,,,,,,,,,,,,,,,,,,,,,,,
,,,,,,,,,,,,,,,,,,,,,,,
,,,,,,,,,,,,,,,,,,,,,,,
,,,,,,,,,,,,,,,,,,,,,,,
,,,,,,,,,,,,,,,,,,,,,,,
,,,,,,,,,,,,,,,,,,,,,,,
,,,,,,,,,,,,,,,,,,,,,,,
,,,,,,,,,,,,,,,,,,,,,,,
,,,,,,,,,,,,,,,,,,,,,,,
,,,,,,,,,,,,,,,,,,,,,,,
,,,,,,,,,,,,,,,,,,,,,,,
,,,,,,,,,,,,,,,,,,,,,,,
,,,,,,,,,,,,,,,,,,,,,,,
,,,,,,,,,,,,,,,,,,,,,,,
,,,,,,,,,,,,,,,,,,,,,,,
,,,,,,,,,,,,,,,,,,,,,,,
,,,,,,,,,,,,,,,,,,,,,,,
,,,,,,,,,,,,,,,,,,,,,,,
,,,,,,,,,,,,,,,,,,,,,,,
,,,,,,,,,,,,,,,,,,,,,,,
,,,,,,,,,,,,,,,,,,,,,,,
,,,,,,,,,,,,,,,,,,,,,,,
,,,,,,,,,,,,,,,,,,,,,,,
,,,,,,,,,,,,,,,,,,,,,,,
,,,,,,,,,,,,,,,,,,,,,,,
,,,,,,,,,,,,,,,,,,,,,,,
,,,,,,,,,,,,,,,,,,,,,,,
,,,,,,,,,,,,,,,,,,,,,,,
,,,,,,,,,,,,,,,,,,,,,,,
,,,,,,,,,,,,,,,,,,,,,,,
,,,,,,,,,,,,,,,,,,,,,,,
,,,,,,,,,,,,,,,,,,,,,,,
,,,,,,,,,,,,,,,,,,,,,,,
,,,,,,,,,,,,,,,,,,,,,,,
,,,,,,,,,,,,,,,,,,,,,,,
,,,,,,,,,,,,,,,,,,,,,,,
,,,,,,,,,,,,,,,,,,,,,,,
,,,,,,,,,,,,,,,,,,,,,,,
,,,,,,,,,,,,,,,,,,,,,,,
,,,,,,,,,,,,,,,,,,,,,,,
,,,,,,,,,,,,,,,,,,,,,,,
,,,,,,,,,,,,,,,,,,,,,,,
,,,,,,,,,,,,,,,,,,,,,,,
,,,,,,,,,,,,,,,,,,,,,,,
,,,,,,,,,,,,,,,,,,,,,,,
,,,,,,,,,,,,,,,,,,,,,,,
,,,,,,,,,,,,,,,,,,,,,,,
,,,,,,,,,,,,,,,,,,,,,,,
,,,,,,,,,,,,,,,,,,,,,,,
,,,,,,,,,,,,,,,,,,,,,,,
,,,,,,,,,,,,,,,,,,,,,,,
,,,,,,,,,,,,,,,,,,,,,,,
,,,,,,,,,,,,,,,,,,,,,,,
,,,,,,,,,,,,,,,,,,,,,,,
,,,,,,,,,,,,,,,,,,,,,,,
,,,,,,,,,,,,,,,,,,,,,,,
,,,,,,,,,,,,,,,,,,,,,,,
,,,,,,,,,,,,,,,,,,,,,,,
,,,,,,,,,,,,,,,,,,,,,,,
,,,,,,,,,,,,,,,,,,,,,,,
,,,,,,,,,,,,,,,,,,,,,,,
,,,,,,,,,,,,,,,,,,,,,,,
,,,,,,,,,,,,,,,,,,,,,,,
,,,,,,,,,,,,,,,,,,,,,,,
,,,,,,,,,,,,,,,,,,,,,,,
,,,,,,,,,,,,,,,,,,,,,,,
,,,,,,,,,,,,,,,,,,,,,,,
,,,,,,,,,,,,,,,,,,,,,,,
,,,,,,,,,,,,,,,,,,,,,,,
,,,,,,,,,,,,,,,,,,,,,,,
,,,,,,,,,,,,,,,,,,,,,,,
,,,,,,,,,,,,,,,,,,,,,,,
,,,,,,,,,,,,,,,,,,,,,,,
,,,,,,,,,,,,,,,,,,,,,,,
,,,,,,,,,,,,,,,,,,,,,,,
,,,,,,,,,,,,,,,,,,,,,,,
,,,,,,,,,,,,,,,,,,,,,,,
,,,,,,,,,,,,,,,,,,,,,,,
,,,,,,,,,,,,,,,,,,,,,,,
,,,,,,,,,,,,,,,,,,,,,,,
,,,,,,,,,,,,,,,,,,,,,,,
,,,,,,,,,,,,,,,,,,,,,,,
,,,,,,,,,,,,,,,,,,,,,,,
,,,,,,,,,,,,,,,,,,,,,,,
,,,,,,,,,,,,,,,,,,,,,,,
,,,,,,,,,,,,,,,,,,,,,,,
,,,,,,,,,,,,,,,,,,,,,,,
,,,,,,,,,,,,,,,,,,,,,,,
,,,,,,,,,,,,,,,,,,,,,,,
,,,,,,,,,,,,,,,,,,,,,,,
,,,,,,,,,,,,,,,,,,,,,,,
,,,,,,,,,,,,,,,,,,,,,,,
,,,,,,,,,,,,,,,,,,,,,,,
,,,,,,,,,,,,,,,,,,,,,,,
,,,,,,,,,,,,,,,,,,,,,,,
,,,,,,,,,,,,,,,,,,,,,,,
,,,,,,,,,,,,,,,,,,,,,,,
,,,,,,,,,,,,,,,,,,,,,,,
,,,,,,,,,,,,,,,,,,,,,,,
,,,,,,,,,,,,,,,,,,,,,,,
,,,,,,,,,,,,,,,,,,,,,,,
,,,,,,,,,,,,,,,,,,,,,,,
,,,,,,,,,,,,,,,,,,,,,,,
,,,,,,,,,,,,,,,,,,,,,,,
,,,,,,,,,,,,,,,,,,,,,,,
,,,,,,,,,,,,,,,,,,,,,,,
,,,,,,,,,,,,,,,,,,,,,,,
,,,,,,,,,,,,,,,,,,,,,,,
,,,,,,,,,,,,,,,,,,,,,,,
,,,,,,,,,,,,,,,,,,,,,,,
,,,,,,,,,,,,,,,,,,,,,,,
,,,,,,,,,,,,,,,,,,,,,,,
,,,,,,,,,,,,,,,,,,,,,,,
,,,,,,,,,,,,,,,,,,,,,,,
,,,,,,,,,,,,,,,,,,,,,,,
,,,,,,,,,,,,,,,,,,,,,,,
,,,,,,,,,,,,,,,,,,,,,,,
,,,,,,,,,,,,,,,,,,,,,,,
,,,,,,,,,,,,,,,,,,,,,,,
,,,,,,,,,,,,,,,,,,,,,,,
,,,,,,,,,,,,,,,,,,,,,,,
,,,,,,,,,,,,,,,,,,,,,,,
,,,,,,,,,,,,,,,,,,,,,,,
,,,,,,,,,,,,,,,,,,,,,,,
,,,,,,,,,,,,,,,,,,,,,,,
,,,,,,,,,,,,,,,,,,,,,,,
,,,,,,,,,,,,,,,,,,,,,,,
,,,,,,,,,,,,,,,,,,,,,,,
,,,,,,,,,,,,,,,,,,,,,,,
,,,,,,,,,,,,,,,,,,,,,,,
,,,,,,,,,,,,,,,,,,,,,,,
,,,,,,,,,,,,,,,,,,,,,,,
,,,,,,,,,,,,,,,,,,,,,,,
,,,,,,,,,,,,,,,,,,,,,,,
,,,,,,,,,,,,,,,,,,,,,,,
,,,,,,,,,,,,,,,,,,,,,,,
,,,,,,,,,,,,,,,,,,,,,,,
,,,,,,,,,,,,,,,,,,,,,,,
,,,,,,,,,,,,,,,,,,,,,,,
,,,,,,,,,,,,,,,,,,,,,,,
,,,,,,,,,,,,,,,,,,,,,,,
,,,,,,,,,,,,,,,,,,,,,,,
,,,,,,,,,,,,,,,,,,,,,,,
,,,,,,,,,,,,,,,,,,,,,,,
,,,,,,,,,,,,,,,,,,,,,,,
,,,,,,,,,,,,,,,,,,,,,,,
,,,,,,,,,,,,,,,,,,,,,,,
,,,,,,,,,,,,,,,,,,,,,,,
,,,,,,,,,,,,,,,,,,,,,,,
,,,,,,,,,,,,,,,,,,,,,,,
,,,,,,,,,,,,,,,,,,,,,,,
,,,,,,,,,,,,,,,,,,,,,,,
,,,,,,,,,,,,,,,,,,,,,,,
,,,,,,,,,,,,,,,,,,,,,,,
,,,,,,,,,,,,,,,,,,,,,,,
,,,,,,,,,,,,,,,,,,,,,,,
,,,,,,,,,,,,,,,,,,,,,,,
,,,,,,,,,,,,,,,,,,,,,,,
,,,,,,,,,,,,,,,,,,,,,,,
,,,,,,,,,,,,,,,,,,,,,,,
,,,,,,,,,,,,,,,,,,,,,,,
,,,,,,,,,,,,,,,,,,,,,,,
,,,,,,,,,,,,,,,,,,,,,,,
,,,,,,,,,,,,,,,,,,,,,,,
,,,,,,,,,,,,,,,,,,,,,,,
,,,,,,,,,,,,,,,,,,,,,,,
,,,,,,,,,,,,,,,,,,,,,,,
,,,,,,,,,,,,,,,,,,,,,,,
,,,,,,,,,,,,,,,,,,,,,,,
,,,,,,,,,,,,,,,,,,,,,,,
,,,,,,,,,,,,,,,,,,,,,,,
,,,,,,,,,,,,,,,,,,,,,,,
,,,,,,,,,,,,,,,,,,,,,,,
,,,,,,,,,,,,,,,,,,,,,,,
,,,,,,,,,,,,,,,,,,,,,,,
,,,,,,,,,,,,,,,,,,,,,,,
,,,,,,,,,,,,,,,,,,,,,,,
,,,,,,,,,,,,,,,,,,,,,,,
,,,,,,,,,,,,,,,,,,,,,,,
,,,,,,,,,,,,,,,,,,,,,,,
,,,,,,,,,,,,,,,,,,,,,,,
,,,,,,,,,,,,,,,,,,,,,,,
,,,,,,,,,,,,,,,,,,,,,,,
,,,,,,,,,,,,,,,,,,,,,,,
,,,,,,,,,,,,,,,,,,,,,,,
,,,,,,,,,,,,,,,,,,,,,,,
,,,,,,,,,,,,,,,,,,,,,,,
,,,,,,,,,,,,,,,,,,,,,,,
,,,,,,,,,,,,,,,,,,,,,,,
,,,,,,,,,,,,,,,,,,,,,,,
,,,,,,,,,,,,,,,,,,,,,,,
,,,,,,,,,,,,,,,,,,,,,,,
,,,,,,,,,,,,,,,,,,,,,,,
,,,,,,,,,,,,,,,,,,,,,,,
,,,,,,,,,,,,,,,,,,,,,,,
,,,,,,,,,,,,,,,,,,,,,,,
,,,,,,,,,,,,,,,,,,,,,,,
,,,,,,,,,,,,,,,,,,,,,,,
,,,,,,,,,,,,,,,,,,,,,,,
,,,,,,,,,,,,,,,,,,,,,,,
,,,,,,,,,,,,,,,,,,,,,,,
,,,,,,,,,,,,,,,,,,,,,,,
,,,,,,,,,,,,,,,,,,,,,,,
,,,,,,,,,,,,,,,,,,,,,,,
,,,,,,,,,,,,,,,,,,,,,,,
,,,,,,,,,,,,,,,,,,,,,,,
,,,,,,,,,,,,,,,,,,,,,,,
,,,,,,,,,,,,,,,,,,,,,,,
,,,,,,,,,,,,,,,,,,,,,,,
,,,,,,,,,,,,,,,,,,,,,,,
,,,,,,,,,,,,,,,,,,,,,,,
,,,,,,,,,,,,,,,,,,,,,,,
,,,,,,,,,,,,,,,,,,,,,,,
,,,,,,,,,,,,,,,,,,,,,,,
,,,,,,,,,,,,,,,,,,,,,,,
,,,,,,,,,,,,,,,,,,,,,,,
,,,,,,,,,,,,,,,,,,,,,,,
,,,,,,,,,,,,,,,,,,,,,,,
,,,,,,,,,,,,,,,,,,,,,,,
,,,,,,,,,,,,,,,,,,,,,,,
,,,,,,,,,,,,,,,,,,,,,,,
,,,,,,,,,,,,,,,,,,,,,,,
,,,,,,,,,,,,,,,,,,,,,,,
,,,,,,,,,,,,,,,,,,,,,,,
,,,,,,,,,,,,,,,,,,,,,,,
,,,,,,,,,,,,,,,,,,,,,,,
,,,,,,,,,,,,,,,,,,,,,,,
,,,,,,,,,,,,,,,,,,,,,,,
,,,,,,,,,,,,,,,,,,,,,,,
,,,,,,,,,,,,,,,,,,,,,,,
,,,,,,,,,,,,,,,,,,,,,,,
,,,,,,,,,,,,,,,,,,,,,,,
,,,,,,,,,,,,,,,,,,,,,,,
,,,,,,,,,,,,,,,,,,,,,,,
,,,,,,,,,,,,,,,,,,,,,,,
,,,,,,,,,,,,,,,,,,,,,,,
,,,,,,,,,,,,,,,,,,,,,,,
,,,,,,,,,,,,,,,,,,,,,,,
,,,,,,,,,,,,,,,,,,,,,,,
,,,,,,,,,,,,,,,,,,,,,,,
,,,,,,,,,,,,,,,,,,,,,,,
,,,,,,,,,,,,,,,,,,,,,,,
,,,,,,,,,,,,,,,,,,,,,,,
,,,,,,,,,,,,,,,,,,,,,,,
,,,,,,,,,,,,,,,,,,,,,,,
,,,,,,,,,,,,,,,,,,,,,,,
,,,,,,,,,,,,,,,,,,,,,,,
,,,,,,,,,,,,,,,,,,,,,,,
,,,,,,,,,,,,,,,,,,,,,,,
,,,,,,,,,,,,,,,,,,,,,,,
,,,,,,,,,,,,,,,,,,,,,,,
,,,,,,,,,,,,,,,,,,,,,,,
,,,,,,,,,,,,,,,,,,,,,,,
,,,,,,,,,,,,,,,,,,,,,,,
,,,,,,,,,,,,,,,,,,,,,,,
,,,,,,,,,,,,,,,,,,,,,,,
,,,,,,,,,,,,,,,,,,,,,,,
,,,,,,,,,,,,,,,,,,,,,,,
,,,,,,,,,,,,,,,,,,,,,,,
,,,,,,,,,,,,,,,,,,,,,,,
,,,,,,,,,,,,,,,,,,,,,,,
,,,,,,,,,,,,,,,,,,,,,,,
,,,,,,,,,,,,,,,,,,,,,,,
,,,,,,,,,,,,,,,,,,,,,,,
,,,,,,,,,,,,,,,,,,,,,,,
,,,,,,,,,,,,,,,,,,,,,,,
,,,,,,,,,,,,,,,,,,,,,,,
,,,,,,,,,,,,,,,,,,,,,,,
,,,,,,,,,,,,,,,,,,,,,,,
,,,,,,,,,,,,,,,,,,,,,,,
,,,,,,,,,,,,,,,,,,,,,,,
,,,,,,,,,,,,,,,,,,,,,,,
,,,,,,,,,,,,,,,,,,,,,,,
,,,,,,,,,,,,,,,,,,,,,,,
,,,,,,,,,,,,,,,,,,,,,,,
,,,,,,,,,,,,,,,,,,,,,,,
,,,,,,,,,,,,,,,,,,,,,,,
,,,,,,,,,,,,,,,,,,,,,,,
,,,,,,,,,,,,,,,,,,,,,,,
,,,,,,,,,,,,,,,,,,,,,,,
,,,,,,,,,,,,,,,,,,,,,,,
,,,,,,,,,,,,,,,,,,,,,,,
,,,,,,,,,,,,,,,,,,,,,,,
,,,,,,,,,,,,,,,,,,,,,,,
,,,,,,,,,,,,,,,,,,,,,,,
,,,,,,,,,,,,,,,,,,,,,,,
,,,,,,,,,,,,,,,,,,,,,,,
,,,,,,,,,,,,,,,,,,,,,,,
,,,,,,,,,,,,,,,,,,,,,,,
,,,,,,,,,,,,,,,,,,,,,,,
,,,,,,,,,,,,,,,,,,,,,,,
,,,,,,,,,,,,,,,,,,,,,,,
,,,,,,,,,,,,,,,,,,,,,,,
,,,,,,,,,,,,,,,,,,,,,,,
,,,,,,,,,,,,,,,,,,,,,,,
,,,,,,,,,,,,,,,,,,,,,,,
,,,,,,,,,,,,,,,,,,,,,,,
,,,,,,,,,,,,,,,,,,,,,,,
,,,,,,,,,,,,,,,,,,,,,,,
,,,,,,,,,,,,,,,,,,,,,,,
,,,,,,,,,,,,,,,,,,,,,,,
,,,,,,,,,,,,,,,,,,,,,,,
,,,,,,,,,,,,,,,,,,,,,,,
,,,,,,,,,,,,,,,,,,,,,,,
,,,,,,,,,,,,,,,,,,,,,,,
,,,,,,,,,,,,,,,,,,,,,,,
,,,,,,,,,,,,,,,,,,,,,,,
,,,,,,,,,,,,,,,,,,,,,,,
,,,,,,,,,,,,,,,,,,,,,,,
,,,,,,,,,,,,,,,,,,,,,,,
,,,,,,,,,,,,,,,,,,,,,,,
,,,,,,,,,,,,,,,,,,,,,,,
,,,,,,,,,,,,,,,,,,,,,,,
,,,,,,,,,,,,,,,,,,,,,,,
,,,,,,,,,,,,,,,,,,,,,,,
,,,,,,,,,,,,,,,,,,,,,,,
,,,,,,,,,,,,,,,,,,,,,,,
,,,,,,,,,,,,,,,,,,,,,,,
,,,,,,,,,,,,,,,,,,,,,,,
,,,,,,,,,,,,,,,,,,,,,,,
,,,,,,,,,,,,,,,,,,,,,,,
,,,,,,,,,,,,,,,,,,,,,,,
,,,,,,,,,,,,,,,,,,,,,,,
,,,,,,,,,,,,,,,,,,,,,,,
,,,,,,,,,,,,,,,,,,,,,,,
,,,,,,,,,,,,,,,,,,,,,,,
,,,,,,,,,,,,,,,,,,,,,,,
,,,,,,,,,,,,,,,,,,,,,,,
,,,,,,,,,,,,,,,,,,,,,,,
,,,,,,,,,,,,,,,,,,,,,,,
,,,,,,,,,,,,,,,,,,,,,,,
,,,,,,,,,,,,,,,,,,,,,,,
,,,,,,,,,,,,,,,,,,,,,,,
,,,,,,,,,,,,,,,,,,,,,,,
,,,,,,,,,,,,,,,,,,,,,,,
,,,,,,,,,,,,,,,,,,,,,,,
,,,,,,,,,,,,,,,,,,,,,,,
,,,,,,,,,,,,,,,,,,,,,,,
,,,,,,,,,,,,,,,,,,,,,,,
,,,,,,,,,,,,,,,,,,,,,,,
,,,,,,,,,,,,,,,,,,,,,,,
,,,,,,,,,,,,,,,,,,,,,,,
,,,,,,,,,,,,,,,,,,,,,,,
,,,,,,,,,,,,,,,,,,,,,,,
,,,,,,,,,,,,,,,,,,,,,,,
,,,,,,,,,,,,,,,,,,,,,,,
,,,,,,,,,,,,,,,,,,,,,,,
,,,,,,,,,,,,,,,,,,,,,,,
,,,,,,,,,,,,,,,,,,,,,,,
,,,,,,,,,,,,,,,,,,,,,,,
,,,,,,,,,,,,,,,,,,,,,,,
,,,,,,,,,,,,,,,,,,,,,,,
,,,,,,,,,,,,,,,,,,,,,,,
,,,,,,,,,,,,,,,,,,,,,,,
,,,,,,,,,,,,,,,,,,,,,,,
,,,,,,,,,,,,,,,,,,,,,,,
,,,,,,,,,,,,,,,,,,,,,,,
,,,,,,,,,,,,,,,,,,,,,,,
,,,,,,,,,,,,,,,,,,,,,,,
,,,,,,,,,,,,,,,,,,,,,,,
,,,,,,,,,,,,,,,,,,,,,,,
,,,,,,,,,,,,,,,,,,,,,,,
,,,,,,,,,,,,,,,,,,,,,,,
,,,,,,,,,,,,,,,,,,,,,,,
,,,,,,,,,,,,,,,,,,,,,,,
,,,,,,,,,,,,,,,,,,,,,,,
,,,,,,,,,,,,,,,,,,,,,,,
,,,,,,,,,,,,,,,,,,,,,,,
,,,,,,,,,,,,,,,,,,,,,,,
,,,,,,,,,,,,,,,,,,,,,,,
,,,,,,,,,,,,,,,,,,,,,,,
,,,,,,,,,,,,,,,,,,,,,,,
,,,,,,,,,,,,,,,,,,,,,,,
,,,,,,,,,,,,,,,,,,,,,,,
,,,,,,,,,,,,,,,,,,,,,,,
,,,,,,,,,,,,,,,,,,,,,,,
,,,,,,,,,,,,,,,,,,,,,,,
,,,,,,,,,,,,,,,,,,,,,,,
,,,,,,,,,,,,,,,,,,,,,,,
,,,,,,,,,,,,,,,,,,,,,,,
,,,,,,,,,,,,,,,,,,,,,,,
,,,,,,,,,,,,,,,,,,,,,,,
,,,,,,,,,,,,,,,,,,,,,,,
,,,,,,,,,,,,,,,,,,,,,,,
,,,,,,,,,,,,,,,,,,,,,,,
,,,,,,,,,,,,,,,,,,,,,,,
,,,,,,,,,,,,,,,,,,,,,,,
,,,,,,,,,,,,,,,,,,,,,,,
,,,,,,,,,,,,,,,,,,,,,,,
,,,,,,,,,,,,,,,,,,,,,,,
,,,,,,,,,,,,,,,,,,,,,,,
,,,,,,,,,,,,,,,,,,,,,,,
,,,,,,,,,,,,,,,,,,,,,,,
,,,,,,,,,,,,,,,,,,,,,,,
,,,,,,,,,,,,,,,,,,,,,,,
,,,,,,,,,,,,,,,,,,,,,,,
,,,,,,,,,,,,,,,,,,,,,,,
,,,,,,,,,,,,,,,,,,,,,,,
,,,,,,,,,,,,,,,,,,,,,,,
,,,,,,,,,,,,,,,,,,,,,,,
,,,,,,,,,,,,,,,,,,,,,,,
,,,,,,,,,,,,,,,,,,,,,,,
,,,,,,,,,,,,,,,,,,,,,,,
,,,,,,,,,,,,,,,,,,,,,,,
,,,,,,,,,,,,,,,,,,,,,,,
,,,,,,,,,,,,,,,,,,,,,,,
,,,,,,,,,,,,,,,,,,,,,,,
,,,,,,,,,,,,,,,,,,,,,,,
,,,,,,,,,,,,,,,,,,,,,,,
,,,,,,,,,,,,,,,,,,,,,,,
,,,,,,,,,,,,,,,,,,,,,,,
,,,,,,,,,,,,,,,,,,,,,,,
,,,,,,,,,,,,,,,,,,,,,,,
,,,,,,,,,,,,,,,,,,,,,,,
,,,,,,,,,,,,,,,,,,,,,,,
,,,,,,,,,,,,,,,,,,,,,,,
,,,,,,,,,,,,,,,,,,,,,,,
,,,,,,,,,,,,,,,,,,,,,,,
,,,,,,,,,,,,,,,,,,,,,,,
,,,,,,,,,,,,,,,,,,,,,,,
,,,,,,,,,,,,,,,,,,,,,,,
,,,,,,,,,,,,,,,,,,,,,,,
,,,,,,,,,,,,,,,,,,,,,,,
,,,,,,,,,,,,,,,,,,,,,,,
,,,,,,,,,,,,,,,,,,,,,,,
,,,,,,,,,,,,,,,,,,,,,,,
,,,,,,,,,,,,,,,,,,,,,,,
,,,,,,,,,,,,,,,,,,,,,,,
,,,,,,,,,,,,,,,,,,,,,,,
,,,,,,,,,,,,,,,,,,,,,,,
,,,,,,,,,,,,,,,,,,,,,,,
,,,,,,,,,,,,,,,,,,,,,,,
,,,,,,,,,,,,,,,,,,,,,,,
,,,,,,,,,,,,,,,,,,,,,,,
,,,,,,,,,,,,,,,,,,,,,,,
,,,,,,,,,,,,,,,,,,,,,,,
,,,,,,,,,,,,,,,,,,,,,,,
,,,,,,,,,,,,,,,,,,,,,,,
,,,,,,,,,,,,,,,,,,,,,,,
,,,,,,,,,,,,,,,,,,,,,,,
,,,,,,,,,,,,,,,,,,,,,,,
,,,,,,,,,,,,,,,,,,,,,,,
,,,,,,,,,,,,,,,,,,,,,,,
,,,,,,,,,,,,,,,,,,,,,,,
,,,,,,,,,,,,,,,,,,,,,,,
,,,,,,,,,,,,,,,,,,,,,,,
,,,,,,,,,,,,,,,,,,,,,,,
,,,,,,,,,,,,,,,,,,,,,,,
,,,,,,,,,,,,,,,,,,,,,,,
,,,,,,,,,,,,,,,,,,,,,,,
,,,,,,,,,,,,,,,,,,,,,,,
,,,,,,,,,,,,,,,,,,,,,,,
,,,,,,,,,,,,,,,,,,,,,,,
,,,,,,,,,,,,,,,,,,,,,,,
,,,,,,,,,,,,,,,,,,,,,,,
,,,,,,,,,,,,,,,,,,,,,,,
,,,,,,,,,,,,,,,,,,,,,,,
,,,,,,,,,,,,,,,,,,,,,,,
,,,,,,,,,,,,,,,,,,,,,,,
,,,,,,,,,,,,,,,,,,,,,,,
,,,,,,,,,,,,,,,,,,,,,,,
,,,,,,,,,,,,,,,,,,,,,,,
,,,,,,,,,,,,,,,,,,,,,,,
,,,,,,,,,,,,,,,,,,,,,,,
,,,,,,,,,,,,,,,,,,,,,,,
,,,,,,,,,,,,,,,,,,,,,,,
,,,,,,,,,,,,,,,,,,,,,,,
,,,,,,,,,,,,,,,,,,,,,,,
,,,,,,,,,,,,,,,,,,,,,,,
,,,,,,,,,,,,,,,,,,,,,,,
,,,,,,,,,,,,,,,,,,,,,,,
,,,,,,,,,,,,,,,,,,,,,,,
,,,,,,,,,,,,,,,,,,,,,,,
,,,,,,,,,,,,,,,,,,,,,,,
,,,,,,,,,,,,,,,,,,,,,,,
,,,,,,,,,,,,,,,,,,,,,,,
,,,,,,,,,,,,,,,,,,,,,,,
,,,,,,,,,,,,,,,,,,,,,,,
,,,,,,,,,,,,,,,,,,,,,,,
,,,,,,,,,,,,,,,,,,,,,,,
,,,,,,,,,,,,,,,,,,,,,,,
,,,,,,,,,,,,,,,,,,,,,,,
,,,,,,,,,,,,,,,,,,,,,,,
,,,,,,,,,,,,,,,,,,,,,,,
,,,,,,,,,,,,,,,,,,,,,,,
,,,,,,,,,,,,,,,,,,,,,,,
,,,,,,,,,,,,,,,,,,,,,,,
,,,,,,,,,,,,,,,,,,,,,,,
,,,,,,,,,,,,,,,,,,,,,,,
,,,,,,,,,,,,,,,,,,,,,,,
,,,,,,,,,,,,,,,,,,,,,,,
,,,,,,,,,,,,,,,,,,,,,,,
,,,,,,,,,,,,,,,,,,,,,,,
,,,,,,,,,,,,,,,,,,,,,,,
,,,,,,,,,,,,,,,,,,,,,,,
,,,,,,,,,,,,,,,,,,,,,,,
,,,,,,,,,,,,,,,,,,,,,,,
,,,,,,,,,,,,,,,,,,,,,,,
,,,,,,,,,,,,,,,,,,,,,,,
,,,,,,,,,,,,,,,,,,,,,,,
,,,,,,,,,,,,,,,,,,,,,,,
,,,,,,,,,,,,,,,,,,,,,,,
,,,,,,,,,,,,,,,,,,,,,,,
,,,,,,,,,,,,,,,,,,,,,,,
,,,,,,,,,,,,,,,,,,,,,,,
,,,,,,,,,,,,,,,,,,,,,,,
,,,,,,,,,,,,,,,,,,,,,,,
,,,,,,,,,,,,,,,,,,,,,,,
,,,,,,,,,,,,,,,,,,,,,,,
,,,,,,,,,,,,,,,,,,,,,,,
,,,,,,,,,,,,,,,,,,,,,,,
,,,,,,,,,,,,,,,,,,,,,,,
,,,,,,,,,,,,,,,,,,,,,,,
,,,,,,,,,,,,,,,,,,,,,,,
,,,,,,,,,,,,,,,,,,,,,,,
,,,,,,,,,,,,,,,,,,,,,,,
,,,,,,,,,,,,,,,,,,,,,,,
,,,,,,,,,,,,,,,,,,,,,,,
,,,,,,,,,,,,,,,,,,,,,,,
,,,,,,,,,,,,,,,,,,,,,,,
,,,,,,,,,,,,,,,,,,,,,,,
,,,,,,,,,,,,,,,,,,,,,,,
,,,,,,,,,,,,,,,,,,,,,,,
,,,,,,,,,,,,,,,,,,,,,,,
,,,,,,,,,,,,,,,,,,,,,,,
,,,,,,,,,,,,,,,,,,,,,,,
,,,,,,,,,,,,,,,,,,,,,,,
,,,,,,,,,,,,,,,,,,,,,,,
,,,,,,,,,,,,,,,,,,,,,,,
,,,,,,,,,,,,,,,,,,,,,,,
,,,,,,,,,,,,,,,,,,,,,,,
,,,,,,,,,,,,,,,,,,,,,,,
,,,,,,,,,,,,,,,,,,,,,,,
,,,,,,,,,,,,,,,,,,,,,,,
,,,,,,,,,,,,,,,,,,,,,,,
,,,,,,,,,,,,,,,,,,,,,,,
,,,,,,,,,,,,,,,,,,,,,,,
,,,,,,,,,,,,,,,,,,,,,,,
,,,,,,,,,,,,,,,,,,,,,,,
,,,,,,,,,,,,,,,,,,,,,,,
,,,,,,,,,,,,,,,,,,,,,,,
,,,,,,,,,,,,,,,,,,,,,,,
,,,,,,,,,,,,,,,,,,,,,,,
,,,,,,,,,,,,,,,,,,,,,,,
,,,,,,,,,,,,,,,,,,,,,,,
,,,,,,,,,,,,,,,,,,,,,,,
,,,,,,,,,,,,,,,,,,,,,,,
,,,,,,,,,,,,,,,,,,,,,,,
,,,,,,,,,,,,,,,,,,,,,,,
,,,,,,,,,,,,,,,,,,,,,,,
,,,,,,,,,,,,,,,,,,,,,,,
,,,,,,,,,,,,,,,,,,,,,,,
,,,,,,,,,,,,,,,,,,,,,,,
,,,,,,,,,,,,,,,,,,,,,,,
,,,,,,,,,,,,,,,,,,,,,,,
,,,,,,,,,,,,,,,,,,,,,,,
,,,,,,,,,,,,,,,,,,,,,,,
,,,,,,,,,,,,,,,,,,,,,,,
,,,,,,,,,,,,,,,,,,,,,,,
,,,,,,,,,,,,,,,,,,,,,,,
,,,,,,,,,,,,,,,,,,,,,,,
,,,,,,,,,,,,,,,,,,,,,,,
,,,,,,,,,,,,,,,,,,,,,,,
,,,,,,,,,,,,,,,,,,,,,,,
,,,,,,,,,,,,,,,,,,,,,,,
,,,,,,,,,,,,,,,,,,,,,,,
,,,,,,,,,,,,,,,,,,,,,,,
,,,,,,,,,,,,,,,,,,,,,,,
,,,,,,,,,,,,,,,,,,,,,,,
,,,,,,,,,,,,,,,,,,,,,,,
,,,,,,,,,,,,,,,,,,,,,,,
,,,,,,,,,,,,,,,,,,,,,,,
,,,,,,,,,,,,,,,,,,,,,,,
,,,,,,,,,,,,,,,,,,,,,,,
,,,,,,,,,,,,,,,,,,,,,,,
,,,,,,,,,,,,,,,,,,,,,,,
,,,,,,,,,,,,,,,,,,,,,,,
,,,,,,,,,,,,,,,,,,,,,,,
,,,,,,,,,,,,,,,,,,,,,,,
,,,,,,,,,,,,,,,,,,,,,,,
,,,,,,,,,,,,,,,,,,,,,,,
,,,,,,,,,,,,,,,,,,,,,,,
,,,,,,,,,,,,,,,,,,,,,,,
,,,,,,,,,,,,,,,,,,,,,,,
,,,,,,,,,,,,,,,,,,,,,,,
,,,,,,,,,,,,,,,,,,,,,,,
,,,,,,,,,,,,,,,,,,,,,,,
,,,,,,,,,,,,,,,,,,,,,,,
,,,,,,,,,,,,,,,,,,,,,,,
,,,,,,,,,,,,,,,,,,,,,,,
,,,,,,,,,,,,,,,,,,,,,,,
,,,,,,,,,,,,,,,,,,,,,,,
,,,,,,,,,,,,,,,,,,,,,,,
,,,,,,,,,,,,,,,,,,,,,,,
,,,,,,,,,,,,,,,,,,,,,,,
,,,,,,,,,,,,,,,,,,,,,,,
,,,,,,,,,,,,,,,,,,,,,,,
,,,,,,,,,,,,,,,,,,,,,,,
,,,,,,,,,,,,,,,,,,,,,,,
,,,,,,,,,,,,,,,,,,,,,,,
,,,,,,,,,,,,,,,,,,,,,,,
,,,,,,,,,,,,,,,,,,,,,,,
,,,,,,,,,,,,,,,,,,,,,,,
,,,,,,,,,,,,,,,,,,,,,,,
,,,,,,,,,,,,,,,,,,,,,,,
,,,,,,,,,,,,,,,,,,,,,,,
,,,,,,,,,,,,,,,,,,,,,,,
,,,,,,,,,,,,,,,,,,,,,,,
,,,,,,,,,,,,,,,,,,,,,,,
,,,,,,,,,,,,,,,,,,,,,,,
,,,,,,,,,,,,,,,,,,,,,,,
,,,,,,,,,,,,,,,,,,,,,,,
,,,,,,,,,,,,,,,,,,,,,,,
,,,,,,,,,,,,,,,,,,,,,,,
,,,,,,,,,,,,,,,,,,,,,,,
,,,,,,,,,,,,,,,,,,,,,,,
,,,,,,,,,,,,,,,,,,,,,,,
,,,,,,,,,,,,,,,,,,,,,,,
,,,,,,,,,,,,,,,,,,,,,,,
,,,,,,,,,,,,,,,,,,,,,,,
,,,,,,,,,,,,,,,,,,,,,,,
,,,,,,,,,,,,,,,,,,,,,,,
,,,,,,,,,,,,,,,,,,,,,,,
,,,,,,,,,,,,,,,,,,,,,,,
,,,,,,,,,,,,,,,,,,,,,,,
,,,,,,,,,,,,,,,,,,,,,,,
,,,,,,,,,,,,,,,,,,,,,,,
,,,,,,,,,,,,,,,,,,,,,,,
,,,,,,,,,,,,,,,,,,,,,,,
,,,,,,,,,,,,,,,,,,,,,,,
,,,,,,,,,,,,,,,,,,,,,,,
,,,,,,,,,,,,,,,,,,,,,,,
,,,,,,,,,,,,,,,,,,,,,,,
,,,,,,,,,,,,,,,,,,,,,,,
,,,,,,,,,,,,,,,,,,,,,,,
,,,,,,,,,,,,,,,,,,,,,,,
,,,,,,,,,,,,,,,,,,,,,,,
,,,,,,,,,,,,,,,,,,,,,,,
,,,,,,,,,,,,,,,,,,,,,,,
,,,,,,,,,,,,,,,,,,,,,,,
,,,,,,,,,,,,,,,,,,,,,,,
,,,,,,,,,,,,,,,,,,,,,,,
,,,,,,,,,,,,,,,,,,,,,,,
,,,,,,,,,,,,,,,,,,,,,,,
,,,,,,,,,,,,,,,,,,,,,,,
,,,,,,,,,,,,,,,,,,,,,,,
,,,,,,,,,,,,,,,,,,,,,,,
,,,,,,,,,,,,,,,,,,,,,,,
,,,,,,,,,,,,,,,,,,,,,,,
,,,,,,,,,,,,,,,,,,,,,,,
,,,,,,,,,,,,,,,,,,,,,,,
,,,,,,,,,,,,,,,,,,,,,,,
,,,,,,,,,,,,,,,,,,,,,,,
,,,,,,,,,,,,,,,,,,,,,,,
,,,,,,,,,,,,,,,,,,,,,,,
,,,,,,,,,,,,,,,,,,,,,,,
,,,,,,,,,,,,,,,,,,,,,,,
,,,,,,,,,,,,,,,,,,,,,,,
,,,,,,,,,,,,,,,,,,,,,,,
,,,,,,,,,,,,,,,,,,,,,,,
,,,,,,,,,,,,,,,,,,,,,,,
,,,,,,,,,,,,,,,,,,,,,,,
,,,,,,,,,,,,,,,,,,,,,,,
,,,,,,,,,,,,,,,,,,,,,,,
,,,,,,,,,,,,,,,,,,,,,,,
,,,,,,,,,,,,,,,,,,,,,,,
,,,,,,,,,,,,,,,,,,,,,,,
,,,,,,,,,,,,,,,,,,,,,,,
,,,,,,,,,,,,,,,,,,,,,,,
,,,,,,,,,,,,,,,,,,,,,,,
,,,,,,,,,,,,,,,,,,,,,,,
,,,,,,,,,,,,,,,,,,,,,,,
,,,,,,,,,,,,,,,,,,,,,,,
,,,,,,,,,,,,,,,,,,,,,,,
,,,,,,,,,,,,,,,,,,,,,,,
,,,,,,,,,,,,,,,,,,,,,,,
,,,,,,,,,,,,,,,,,,,,,,,
,,,,,,,,,,,,,,,,,,,,,,,
,,,,,,,,,,,,,,,,,,,,,,,
,,,,,,,,,,,,,,,,,,,,,,,
,,,,,,,,,,,,,,,,,,,,,,,
,,,,,,,,,,,,,,,,,,,,,,,
,,,,,,,,,,,,,,,,,,,,,,,
,,,,,,,,,,,,,,,,,,,,,,,
,,,,,,,,,,,,,,,,,,,,,,,
,,,,,,,,,,,,,,,,,,,,,,,
,,,,,,,,,,,,,,,,,,,,,,,
,,,,,,,,,,,,,,,,,,,,,,,
,,,,,,,,,,,,,,,,,,,,,,,
,,,,,,,,,,,,,,,,,,,,,,,
,,,,,,,,,,,,,,,,,,,,,,,
,,,,,,,,,,,,,,,,,,,,,,,
,,,,,,,,,,,,,,,,,,,,,,,
,,,,,,,,,,,,,,,,,,,,,,,
,,,,,,,,,,,,,,,,,,,,,,,
,,,,,,,,,,,,,,,,,,,,,,,
,,,,,,,,,,,,,,,,,,,,,,,
,,,,,,,,,,,,,,,,,,,,,,,
,,,,,,,,,,,,,,,,,,,,,,,
,,,,,,,,,,,,,,,,,,,,,,,
,,,,,,,,,,,,,,,,,,,,,,,
,,,,,,,,,,,,,,,,,,,,,,,
,,,,,,,,,,,,,,,,,,,,,,,
,,,,,,,,,,,,,,,,,,,,,,,
,,,,,,,,,,,,,,,,,,,,,,,
,,,,,,,,,,,,,,,,,,,,,,,
,,,,,,,,,,,,,,,,,,,,,,,
,,,,,,,,,,,,,,,,,,,,,,,
,,,,,,,,,,,,,,,,,,,,,,,
,,,,,,,,,,,,,,,,,,,,,,,
,,,,,,,,,,,,,,,,,,,,,,,
,,,,,,,,,,,,,,,,,,,,,,,
,,,,,,,,,,,,,,,,,,,,,,,
,,,,,,,,,,,,,,,,,,,,,,,
,,,,,,,,,,,,,,,,,,,,,,,
,,,,,,,,,,,,,,,,,,,,,,,
,,,,,,,,,,,,,,,,,,,,,,,
,,,,,,,,,,,,,,,,,,,,,,,
,,,,,,,,,,,,,,,,,,,,,,,
,,,,,,,,,,,,,,,,,,,,,,,
,,,,,,,,,,,,,,,,,,,,,,,
,,,,,,,,,,,,,,,,,,,,,,,
,,,,,,,,,,,,,,,,,,,,,,,
,,,,,,,,,,,,,,,,,,,,,,,
,,,,,,,,,,,,,,,,,,,,,,,
,,,,,,,,,,,,,,,,,,,,,,,
,,,,,,,,,,,,,,,,,,,,,,,
,,,,,,,,,,,,,,,,,,,,,,,
,,,,,,,,,,,,,,,,,,,,,,,
,,,,,,,,,,,,,,,,,,,,,,,
,,,,,,,,,,,,,,,,,,,,,,,
,,,,,,,,,,,,,,,,,,,,,,,
,,,,,,,,,,,,,,,,,,,,,,,
,,,,,,,,,,,,,,,,,,,,,,,
,,,,,,,,,,,,,,,,,,,,,,,
,,,,,,,,,,,,,,,,,,,,,,,
,,,,,,,,,,,,,,,,,,,,,,,
,,,,,,,,,,,,,,,,,,,,,,,
,,,,,,,,,,,,,,,,,,,,,,,
,,,,,,,,,,,,,,,,,,,,,,,
,,,,,,,,,,,,,,,,,,,,,,,
,,,,,,,,,,,,,,,,,,,,,,,
,,,,,,,,,,,,,,,,,,,,,,,
,,,,,,,,,,,,,,,,,,,,,,,
,,,,,,,,,,,,,,,,,,,,,,,
,,,,,,,,,,,,,,,,,,,,,,,
,,,,,,,,,,,,,,,,,,,,,,,
,,,,,,,,,,,,,,,,,,,,,,,
,,,,,,,,,,,,,,,,,,,,,,,
,,,,,,,,,,,,,,,,,,,,,,,
,,,,,,,,,,,,,,,,,,,,,,,
,,,,,,,,,,,,,,,,,,,,,,,
,,,,,,,,,,,,,,,,,,,,,,,
,,,,,,,,,,,,,,,,,,,,,,,
,,,,,,,,,,,,,,,,,,,,,,,
,,,,,,,,,,,,,,,,,,,,,,,
,,,,,,,,,,,,,,,,,,,,,,,
,,,,,,,,,,,,,,,,,,,,,,,
,,,,,,,,,,,,,,,,,,,,,,,
,,,,,,,,,,,,,,,,,,,,,,,
,,,,,,,,,,,,,,,,,,,,,,,
,,,,,,,,,,,,,,,,,,,,,,,
,,,,,,,,,,,,,,,,,,,,,,,
,,,,,,,,,,,,,,,,,,,,,,,
,,,,,,,,,,,,,,,,,,,,,,,
,,,,,,,,,,,,,,,,,,,,,,,
